mes;tp_mm
1995-01;83.0
1995-02;35.4
1995-03;164.0
1995-04;356.7
1995-05;374.7
1995-06;477.3
1995-07;319.2
1995-08;233.3
1995-09;310.3
1995-10;306.8
1995-11;183.7
1995-12;80.3
1996-01;10.4
1996-02;158.0
1996-03;156.8
1996-04;314.3
1996-05;520.7
1996-06;334.4
1996-07;340.4
1996-08;275.0
1996-09;206.7
1996-10;295.5
1996-11;303.8
1996-12;160.0
1997-01;20.3
1997-02;131.5
1997-03;91.8
1997-04;310.0
1997-05;469.0
1997-06;423.9
1997-07;299.2
1997-08;239.6
1997-09;315.0
1997-10;227.4
1997-11;216.3
1997-12;12.2
1998-01;31.0
1998-02;139.8
1998-03;233.1
1998-04;403.5
1998-05;422.6
1998-06;397.8
1998-07;428.4
1998-08;299.0
1998-09;197.6
1998-10;280.1
1998-11;193.9
1998-12;87.3
1999-01;81.3
1999-02;175.7
1999-03;136.4
1999-04;524.7
1999-05;384.6
1999-06;382.1
1999-07;244.4
1999-08;180.1
1999-09;278.7
1999-10;337.0
1999-11;211.6
1999-12;87.6
2000-01;40.8
2000-02;101.8
2000-03;147.5
2000-04;391.5
2000-05;599.6
2000-06;349.1
2000-07;321.1
2000-08;298.1
2000-09;252.3
2000-10;326.2
2000-11;185.8
2000-12;126.9
2001-01;3.4
2001-02;18.9
2001-03;185.9
2001-04;255.5
2001-05;411.8
2001-06;386.1
2001-07;319.6
2001-08;206.5
2001-09;346.9
2001-10;259.3
2001-11;216.7
2001-12;219.8
2002-01;7.0
2002-02;8.9
2002-03;282.8
2002-04;355.8
2002-05;547.6
2002-06;422.5
2002-07;356.2
2002-08;275.3
2002-09;268.6
2002-10;288.5
2002-11;138.1
2002-12;69.3
2003-01;1.3
2003-02;32.5
2003-03;199.5
2003-04;402.7
2003-05;372.1
2003-06;416.6
2003-07;237.8
2003-08;261.2
2003-09;343.3
2003-10;306.8
2003-11;263.0
2003-12;153.3
2004-01;21.2
2004-02;156.5
2004-03;147.2
2004-04;330.9
2004-05;559.8
2004-06;507.0
2004-07;413.2
2004-08;263.0
2004-09;319.0
2004-10;311.1
2004-11;239.8
2004-12;123.1
2005-01;36.8
2005-02;149.8
2005-03;159.8
2005-04;467.2
2005-05;497.4
2005-06;354.5
2005-07;276.0
2005-08;268.6
2005-09;203.5
2005-10;331.5
2005-11;282.5
2005-12;18.7
2006-01;156.1
2006-02;28.3
2006-03;335.0
2006-04;342.5
2006-05;372.9
2006-06;397.4
2006-07;300.8
2006-08;281.3
2006-09;240.9
2006-10;439.9
2006-11;371.7
2006-12;77.0
2007-01;3.7
2007-02;15.2
2007-03;248.9
2007-04;377.8
2007-05;433.1
2007-06;483.3
2007-07;224.8
2007-08;265.8
2007-09;260.4
2007-10;278.2
2007-11;158.1
2007-12;56.3
2008-01;24.5
2008-02;23.6
2008-03;62.4
2008-04;264.5
2008-05;448.7
2008-06;440.3
2008-07;365.8
2008-08;210.2
2008-09;278.9
2008-10;324.3
2008-11;313.8
2008-12;88.8
2009-01;80.1
2009-02;39.3
2009-03;208.4
2009-04;327.3
2009-05;328.4
2009-06;493.5
2009-07;396.8
2009-08;349.2
2009-09;238.6
2009-10;267.3
2009-11;128.7
2009-12;31.8
2010-01;1.8
2010-02;121.7
2010-03;287.2
2010-04;550.4
2010-05;344.7
2010-06;471.9
2010-07;366.1
2010-08;260.1
2010-09;213.9
2010-10;308.7
2010-11;308.0
2010-12;179.2
2011-01;37.8
2011-02;74.4
2011-03;130.2
2011-04;451.9
2011-05;495.4
2011-06;366.2
2011-07;262.3
2011-08;237.6
2011-09;312.2
2011-10;234.5
2011-11;306.6
2011-12;146.6
2012-01;12.2
2012-02;81.5
2012-03;363.3
2012-04;396.8
2012-05;371.3
2012-06;334.9
2012-07;396.7
2012-08;250.7
2012-09;194.8
2012-10;303.7
2012-11;191.1
2012-12;185.4
2013-01;6.0
2013-02;72.6
2013-03;226.7
2013-04;414.7
2013-05;525.9
2013-06;291.9
2013-07;363.8
2013-08;283.0
2013-09;282.9
2013-10;277.6
2013-11;320.7
2013-12;87.9
2014-01;13.9
2014-02;67.3
2014-03;146.5
2014-04;501.3
2014-05;350.7
2014-06;449.2
2014-07;334.2
2014-08;252.6
2014-09;261.9
2014-10;270.8
2014-11;244.5
2014-12;97.0
2015-01;177.8
2015-02;47.9
2015-03;162.7
2015-04;346.0
2015-05;359.3
2015-06;401.0
2015-07;331.0
2015-08;234.3
2015-09;281.2
2015-10;278.0
2015-11;260.8
2015-12;125.0
2016-01;1.3
2016-02;33.8
2016-03;170.4
2016-04;547.4
2016-05;413.5
2016-06;339.2
2016-07;364.6
2016-08;414.0
2016-09;295.3
2016-10;286.9
2016-11;338.6
2016-12;156.6
2017-01;82.5
2017-02;66.4
2017-03;278.8
2017-04;304.5
2017-05;450.8
2017-06;359.1
2017-07;248.1
2017-08;242.6
2017-09;208.4
2017-10;330.4
2017-11;267.5
2017-12;65.1
2018-01;111.5
2018-02;5.2
2018-03;182.1
2018-04;440.6
2018-05;457.8
2018-06;476.7
2018-07;457.9
2018-08;345.7
2018-09;231.0
2018-10;355.7
2018-11;144.0
2018-12;27.3
2019-01;22.1
2019-02;17.4
2019-03;148.8
2019-04;377.7
2019-05;510.9
2019-06;478.2
2019-07;383.5
2019-08;341.7
2019-09;221.8
2019-10;291.7
2019-11;236.7
2019-12;93.1
2020-01;34.4
2020-02;7.7
2020-03;138.8
2020-04;322.6
2020-05;441.9
2020-06;385.8
2020-07;407.7
2020-08;228.0
2020-09;228.8
2020-10;256.3
2020-11;285.5
2020-12;127.0
2021-01;63.2
2021-02;23.3
2021-03;177.6
2021-04;565.0
2021-05;576.2
2021-06;445.6
2021-07;424.4
2021-08;332.2
2021-09;266.8
2021-10;243.0
2021-11;139.0
2021-12;13.3
2022-01;28.7
2022-02;134.3
2022-03;203.5
2022-04;459.3
2022-05;651.5
2022-06;406.3
2022-07;485.3
2022-08;365.2
2022-09;331.4
2022-10;272.4
2022-11;293.3
2022-12;48.1
2023-01;193.5
2023-02;41.7
2023-03;228.0
2023-04;409.3
2023-05;428.0
2023-06;446.6
2023-07;428.3
2023-08;268.1
2023-09;254.2
2023-10;271.2
2023-11;238.1
2023-12;259.9
2024-01;9.3
2024-02;139.7
2024-03;173.0
2024-04;332.1
2024-05;546.3
2024-06;345.7
2024-07;235.9
2024-08;229.0
2024-09;131.7
2024-10;242.5
2024-11;323.8
2024-12;166.1
2025-01;157.1
2025-02;74.0
2025-03;213.0
2025-04;384.1
2025-05;661.8
2025-06;469.2
2025-07;335.7
2025-08;359.9
2025-09;274.9
2025-10;309.2
2025-11;156.5
2025-12;34.7
