mes;t_max_media_C;t_min_media_C
1995-01;31.95;20.91
1995-02;33.64;20.78
1995-03;32.03;21.98
1995-04;30.92;21.76
1995-05;30.09;21.3
1995-06;28.94;21.25
1995-07;29.28;20.86
1995-08;30.17;21.3
1995-09;30.88;21.17
1995-10;30.78;21.21
1995-11;30.71;21.13
1995-12;31.18;21.08
1996-01;32.31;20.43
1996-02;31.3;20.64
1996-03;31.01;21.04
1996-04;30.54;21.0
1996-05;29.4;20.76
1996-06;28.49;20.86
1996-07;28.51;20.14
1996-08;29.9;20.23
1996-09;30.28;20.43
1996-10;30.37;20.92
1996-11;30.43;21.05
1996-12;30.23;20.67
1997-01;31.85;20.81
1997-02;31.13;20.84
1997-03;31.74;21.47
1997-04;30.33;21.45
1997-05;29.53;21.27
1997-06;29.66;21.0
1997-07;28.59;20.82
1997-08;30.17;20.75
1997-09;30.94;21.34
1997-10;31.65;21.78
1997-11;30.6;21.5
1997-12;32.83;21.11
1998-01;34.09;22.34
1998-02;33.06;22.2
1998-03;32.52;22.42
1998-04;31.1;22.35
1998-05;30.36;22.26
1998-06;29.22;21.36
1998-07;29.47;21.29
1998-08;30.46;21.22
1998-09;31.06;21.43
1998-10;31.19;21.7
1998-11;30.89;21.77
1998-12;31.49;21.42
1999-01;31.11;21.19
1999-02;30.55;21.05
1999-03;31.76;21.31
1999-04;29.81;21.41
1999-05;30.31;21.28
1999-06;29.57;21.05
1999-07;29.23;20.61
1999-08;29.73;20.43
1999-09;30.61;21.04
1999-10;31.01;21.16
1999-11;31.53;21.54
1999-12;31.01;21.47
2000-01;31.62;20.53
2000-02;31.88;20.5
2000-03;32.18;21.28
2000-04;30.64;21.31
2000-05;29.76;21.05
2000-06;29.59;21.2
2000-07;29.35;20.86
2000-08;30.1;20.9
2000-09;30.44;21.08
2000-10;30.88;21.37
2000-11;30.97;21.59
2000-12;30.54;21.04
2001-01;32.15;20.37
2001-02;32.71;20.97
2001-03;32.16;21.53
2001-04;30.91;21.21
2001-05;30.23;21.39
2001-06;28.57;20.5
2001-07;29.97;21.03
2001-08;30.25;20.57
2001-09;30.61;20.61
2001-10;31.42;21.61
2001-11;31.57;21.84
2001-12;30.69;22.19
2002-01;31.99;21.12
2002-02;33.94;21.99
2002-03;32.6;21.6
2002-04;30.31;21.68
2002-05;29.9;21.64
2002-06;28.83;21.07
2002-07;29.44;21.07
2002-08;30.02;20.94
2002-09;31.05;21.12
2002-10;30.64;21.26
2002-11;30.79;21.13
2002-12;31.58;21.19
2003-01;33.97;21.61
2003-02;33.97;21.86
2003-03;32.41;21.65
2003-04;30.32;21.52
2003-05;29.73;21.25
2003-06;29.43;20.94
2003-07;28.65;20.74
2003-08;30.02;20.9
2003-09;30.26;20.88
2003-10;30.72;21.42
2003-11;31.04;21.31
2003-12;31.02;21.61
2004-01;32.34;21.37
2004-02;33.56;21.05
2004-03;31.83;21.72
2004-04;30.9;21.51
2004-05;29.73;21.43
2004-06;29.31;20.69
2004-07;29.41;20.51
2004-08;30.09;20.82
2004-09;30.77;20.96
2004-10;30.99;21.17
2004-11;31.09;21.51
2004-12;31.38;21.5
2005-01;32.18;21.15
2005-02;32.09;21.28
2005-03;32.46;22.13
2005-04;30.38;21.7
2005-05;30.55;21.9
2005-06;29.84;21.67
2005-07;29.56;21.01
2005-08;30.09;21.41
2005-09;30.91;21.43
2005-10;31.4;21.5
2005-11;30.64;21.81
2005-12;31.71;21.5
2006-01;31.72;21.29
2006-02;32.23;21.3
2006-03;30.73;21.7
2006-04;30.7;21.88
2006-05;29.55;21.29
2006-06;29.46;21.11
2006-07;28.95;20.73
2006-08;30.26;21.14
2006-09;30.94;21.23
2006-10;30.99;21.84
2006-11;30.44;21.7
2006-12;31.47;22.03
2007-01;33.29;22.06
2007-02;35.23;21.46
2007-03;32.36;22.1
2007-04;31.06;21.98
2007-05;29.72;21.61
2007-06;28.3;21.07
2007-07;29.96;20.91
2007-08;29.64;20.88
2007-09;30.56;20.98
2007-10;30.86;21.4
2007-11;31.17;21.55
2007-12;31.04;21.34
2008-01;32.47;20.61
2008-02;32.99;21.41
2008-03;33.4;21.74
2008-04;31.47;21.49
2008-05;29.67;21.33
2008-06;28.81;21.12
2008-07;29.18;20.83
2008-08;30.56;21.11
2008-09;30.74;20.91
2008-10;30.82;21.46
2008-11;30.74;21.83
2008-12;31.1;21.17
2009-01;31.3;21.2
2009-02;32.19;21.02
2009-03;31.7;21.62
2009-04;30.57;21.56
2009-05;30.82;21.39
2009-06;29.74;21.13
2009-07;29.48;20.93
2009-08;30.62;21.23
2009-09;31.73;21.37
2009-10;31.62;21.39
2009-11;32.07;21.92
2009-12;32.88;21.13
2010-01;34.44;20.72
2010-02;34.68;22.14
2010-03;32.48;22.02
2010-04;31.1;22.23
2010-05;30.86;22.18
2010-06;30.18;21.5
2010-07;30.0;21.35
2010-08;30.22;21.28
2010-09;31.27;21.48
2010-10;31.54;21.71
2010-11;30.53;21.64
2010-12;30.92;21.3
2011-01;31.85;20.43
2011-02;32.5;21.35
2011-03;31.49;21.41
2011-04;30.71;21.44
2011-05;29.49;21.47
2011-06;30.17;21.18
2011-07;30.09;21.09
2011-08;30.93;21.06
2011-09;31.06;20.75
2011-10;31.13;21.23
2011-11;30.72;21.19
2011-12;30.91;21.42
2012-01;32.23;20.57
2012-02;32.01;20.92
2012-03;30.39;21.46
2012-04;30.05;21.61
2012-05;30.14;21.64
2012-06;29.61;21.03
2012-07;29.23;20.97
2012-08;29.91;21.01
2012-09;31.11;20.89
2012-10;31.36;21.36
2012-11;31.49;21.64
2012-12;32.06;21.85
2013-01;32.79;21.6
2013-02;32.58;22.12
2013-03;31.33;22.06
2013-04;31.49;21.99
2013-05;29.98;21.88
2013-06;30.3;21.38
2013-07;29.06;20.68
2013-08;29.59;21.0
2013-09;30.87;21.15
2013-10;31.32;21.46
2013-11;30.93;21.65
2013-12;31.41;21.26
2014-01;33.07;21.0
2014-02;34.24;21.85
2014-03;32.4;21.93
2014-04;31.15;21.4
2014-05;30.99;21.64
2014-06;29.37;21.06
2014-07;29.43;21.1
2014-08;29.66;20.77
2014-09;31.44;21.08
2014-10;30.79;21.3
2014-11;31.2;21.76
2014-12;31.85;21.16
2015-01;31.71;21.19
2015-02;32.46;21.64
2015-03;32.29;22.07
2015-04;31.09;21.81
2015-05;30.68;21.89
2015-06;29.31;21.38
2015-07;30.03;21.3
2015-08;30.32;21.0
2015-09;32.18;21.5
2015-10;32.0;21.86
2015-11;31.31;22.28
2015-12;31.46;21.6
2016-01;33.82;21.57
2016-02;34.12;22.79
2016-03;33.14;23.08
2016-04;30.75;22.23
2016-05;30.49;22.14
2016-06;29.56;21.47
2016-07;29.19;21.09
2016-08;30.57;21.52
2016-09;31.02;21.57
2016-10;31.18;21.75
2016-11;30.77;21.76
2016-12;31.1;21.17
2017-01;30.99;21.15
2017-02;32.43;21.58
2017-03;31.18;21.76
2017-04;31.12;22.04
2017-05;30.57;21.83
2017-06;29.89;21.55
2017-07;28.95;20.74
2017-08;31.19;21.34
2017-09;31.46;21.36
2017-10;31.2;21.52
2017-11;31.49;21.7
2017-12;31.8;21.46
2018-01;31.31;20.96
2018-02;32.85;21.64
2018-03;32.31;21.66
2018-04;29.57;21.32
2018-05;29.9;21.55
2018-06;28.48;21.06
2018-07;28.99;20.99
2018-08;30.26;21.07
2018-09;31.18;21.42
2018-10;31.31;21.81
2018-11;31.45;22.15
2018-12;31.97;21.14
2019-01;32.93;22.22
2019-02;34.42;22.6
2019-03;32.16;23.12
2019-04;31.48;22.23
2019-05;30.49;22.39
2019-06;29.1;21.9
2019-07;29.42;21.19
2019-08;29.61;21.28
2019-09;31.57;21.78
2019-10;30.61;21.68
2019-11;31.07;22.19
2019-12;31.51;22.46
2020-01;32.79;21.79
2020-02;34.7;22.05
2020-03;33.93;22.82
2020-04;31.57;22.31
2020-05;30.09;22.23
2020-06;30.37;21.81
2020-07;30.13;21.56
2020-08;30.28;21.75
2020-09;31.57;21.37
2020-10;31.61;21.57
2020-11;30.97;22.0
2020-12;31.65;21.69
2021-01;31.49;21.02
2021-02;32.79;21.95
2021-03;30.97;21.58
2021-04;30.65;21.59
2021-05;29.61;21.73
2021-06;29.58;21.3
2021-07;28.71;20.9
2021-08;30.01;21.13
2021-09;30.87;21.06
2021-10;31.16;21.76
2021-11;31.58;21.81
2021-12;32.92;21.83
2022-01;33.39;21.01
2022-02;32.4;21.72
2022-03;31.57;22.28
2022-04;30.5;21.66
2022-05;29.64;21.52
2022-06;29.11;20.82
2022-07;29.67;21.22
2022-08;30.24;20.65
2022-09;30.62;20.76
2022-10;30.88;21.32
2022-11;30.26;21.0
2022-12;31.69;20.86
2023-01;31.47;20.6
2023-02;33.24;20.89
2023-03;31.34;21.98
2023-04;30.84;21.92
2023-05;30.62;22.38
2023-06;29.95;21.73
2023-07;29.73;21.8
2023-08;31.74;21.55
2023-09;32.66;21.66
2023-10;32.59;21.99
2023-11;31.89;22.02
2023-12;31.92;22.02
2024-01;34.26;22.1
2024-02;32.69;22.63
2024-03;32.79;23.07
2024-04;32.7;22.65
2024-05;31.06;22.69
2024-06;30.41;22.31
2024-07;29.41;21.92
2024-08;31.18;21.59
2024-09;32.78;22.04
2024-10;32.67;22.11
2024-11;31.84;22.12
2024-12;32.16;21.91
2025-01;31.75;21.03
2025-02;32.39;22.32
2025-03;31.6;22.4
2025-04;31.28;22.19
2025-05;30.21;21.82
2025-06;29.32;21.42
2025-07;29.05;21.3
2025-08;30.43;21.14
2025-09;31.31;21.53
2025-10;31.41;21.55
2025-11;31.48;22.01
2025-12;32.86;21.38
