Mes;Precipitación total mm
1995-01;59.6
1995-02;27.7
1995-03;139.0
1995-04;309.1
1995-05;327.1
1995-06;373.0
1995-07;294.8
1995-08;217.1
1995-09;211.9
1995-10;259.8
1995-11;158.0
1995-12;91.6
1996-01;23.0
1996-02;162.4
1996-03;133.7
1996-04;244.7
1996-05;430.6
1996-06;324.8
1996-07;272.7
1996-08;255.3
1996-09;226.6
1996-10;253.8
1996-11;245.9
1996-12;159.2
1997-01;28.7
1997-02;122.7
1997-03;57.5
1997-04;285.9
1997-05;421.9
1997-06;339.7
1997-07;267.7
1997-08;259.0
1997-09;228.5
1997-10;202.7
1997-11;170.9
1997-12;28.8
1998-01;33.5
1998-02;152.0
1998-03;189.1
1998-04;323.6
1998-05;367.1
1998-06;346.9
1998-07;345.7
1998-08;270.5
1998-09;199.7
1998-10;261.5
1998-11;205.1
1998-12;115.5
1999-01;90.7
1999-02;146.0
1999-03;138.1
1999-04;421.9
1999-05;328.3
1999-06;347.4
1999-07;254.1
1999-08;201.3
1999-09;268.2
1999-10;265.0
1999-11;171.7
1999-12;113.8
2000-01;37.5
2000-02;67.4
2000-03;152.7
2000-04;328.3
2000-05;447.9
2000-06;332.2
2000-07;345.8
2000-08;290.2
2000-09;262.8
2000-10;276.2
2000-11;165.2
2000-12;138.8
2001-01;16.9
2001-02;21.8
2001-03;181.1
2001-04;251.1
2001-05;355.9
2001-06;328.4
2001-07;300.6
2001-08;237.9
2001-09;289.4
2001-10;240.1
2001-11;229.4
2001-12;193.0
2002-01;19.6
2002-02;25.6
2002-03;209.0
2002-04;295.5
2002-05;428.9
2002-06;329.9
2002-07;370.4
2002-08;284.9
2002-09;227.5
2002-10;275.8
2002-11;172.5
2002-12;78.7
2003-01;14.8
2003-02;47.3
2003-03;175.4
2003-04;334.8
2003-05;384.7
2003-06;376.3
2003-07;282.5
2003-08;271.1
2003-09;269.2
2003-10;289.6
2003-11;253.5
2003-12;146.2
2004-01;23.0
2004-02;95.0
2004-03;142.7
2004-04;314.6
2004-05;413.0
2004-06;416.5
2004-07;371.8
2004-08;257.0
2004-09;247.2
2004-10;267.2
2004-11;241.1
2004-12;107.7
2005-01;50.1
2005-02;125.0
2005-03;143.9
2005-04;374.6
2005-05;406.8
2005-06;337.3
2005-07;241.2
2005-08;257.6
2005-09;186.4
2005-10;280.2
2005-11;232.9
2005-12;47.5
2006-01;124.9
2006-02;43.5
2006-03;218.7
2006-04;296.0
2006-05;282.9
2006-06;336.0
2006-07;288.7
2006-08;251.9
2006-09;208.4
2006-10;293.6
2006-11;270.0
2006-12;114.9
2007-01;20.0
2007-02;28.8
2007-03;189.9
2007-04;319.2
2007-05;350.3
2007-06;404.4
2007-07;234.5
2007-08;246.0
2007-09;225.6
2007-10;244.1
2007-11;156.4
2007-12;112.2
2008-01;24.4
2008-02;41.1
2008-03;77.7
2008-04;249.7
2008-05;392.5
2008-06;391.9
2008-07;341.8
2008-08;260.0
2008-09;236.9
2008-10;294.6
2008-11;277.8
2008-12;65.0
2009-01;118.4
2009-02;53.4
2009-03;182.3
2009-04;265.4
2009-05;308.7
2009-06;394.7
2009-07;311.0
2009-08;321.3
2009-09;221.2
2009-10;236.6
2009-11;162.4
2009-12;69.0
2010-01;14.6
2010-02;105.8
2010-03;228.7
2010-04;407.8
2010-05;296.5
2010-06;356.6
2010-07;340.1
2010-08;224.8
2010-09;211.9
2010-10;239.2
2010-11;262.0
2010-12;152.3
2011-01;46.7
2011-02;95.9
2011-03;151.1
2011-04;351.0
2011-05;452.0
2011-06;354.7
2011-07;292.6
2011-08;225.4
2011-09;284.6
2011-10;252.8
2011-11;262.6
2011-12;162.3
2012-01;24.0
2012-02;79.2
2012-03;271.7
2012-04;344.1
2012-05;295.6
2012-06;307.6
2012-07;353.3
2012-08;264.2
2012-09;201.6
2012-10;267.9
2012-11;189.3
2012-12;118.8
2013-01;15.7
2013-02;86.4
2013-03;209.7
2013-04;315.1
2013-05;400.2
2013-06;292.7
2013-07;322.8
2013-08;295.4
2013-09;280.4
2013-10;243.9
2013-11;224.1
2013-12;109.2
2014-01;34.0
2014-02;61.3
2014-03;136.6
2014-04;381.2
2014-05;343.4
2014-06;361.6
2014-07;307.9
2014-08;246.4
2014-09;232.0
2014-10;263.4
2014-11;190.7
2014-12;111.2
2015-01;129.6
2015-02;53.9
2015-03;146.1
2015-04;284.2
2015-05;304.6
2015-06;278.9
2015-07;243.7
2015-08;230.6
2015-09;159.3
2015-10;210.9
2015-11;199.8
2015-12;131.9
2016-01;25.6
2016-02;48.0
2016-03;198.2
2016-04;378.3
2016-05;320.2
2016-06;275.4
2016-07;338.6
2016-08;300.1
2016-09;244.7
2016-10;262.1
2016-11;270.5
2016-12;109.1
2017-01;91.1
2017-02;71.2
2017-03;223.1
2017-04;269.1
2017-05;331.3
2017-06;314.6
2017-07;204.1
2017-08;234.8
2017-09;206.9
2017-10;237.3
2017-11;210.0
2017-12;73.9
2018-01;97.9
2018-02;15.0
2018-03;147.7
2018-04;345.1
2018-05;396.4
2018-06;399.6
2018-07;322.4
2018-08;279.3
2018-09;204.3
2018-10;275.1
2018-11;135.8
2018-12;35.1
2019-01;29.5
2019-02;38.3
2019-03;143.0
2019-04;260.5
2019-05;377.3
2019-06;332.3
2019-07;299.6
2019-08;277.1
2019-09;204.9
2019-10;264.9
2019-11;221.1
2019-12;118.8
2020-01;35.0
2020-02;30.3
2020-03;94.2
2020-04;259.7
2020-05;397.3
2020-06;345.6
2020-07;332.8
2020-08;238.2
2020-09;210.0
2020-10;204.4
2020-11;236.4
2020-12;103.6
2021-01;78.5
2021-02;39.9
2021-03;187.2
2021-04;358.3
2021-05;305.1
2021-06;380.6
2021-07;261.5
2021-08;326.6
2021-09;215.3
2021-10;240.3
2021-11;124.2
2021-12;46.0
2022-01;26.1
2022-02;109.2
2022-03;164.1
2022-04;348.2
2022-05;412.5
2022-06;356.5
2022-07;405.5
2022-08;308.0
2022-09;282.5
2022-10;423.9
2022-11;252.1
2022-12;32.9
2023-01;105.9
2023-02;31.1
2023-03;177.8
2023-04;277.0
2023-05;359.7
2023-06;304.1
2023-07;348.0
2023-08;268.8
2023-09;193.2
2023-10;192.3
2023-11;175.7
2023-12;164.6
2024-01;16.3
2024-02;136.8
2024-03;170.9
2024-04;278.1
2024-05;410.7
2024-06;356.3
2024-07;257.6
2024-08;268.1
2024-09;233.5
2024-10;199.1
2024-11;262.5
2024-12;136.1
2025-01;111.5
2025-02;104.7
2025-03;217.2
2025-04;394.3
2025-05;473.7
2025-06;425.1
2025-07;286.9
2025-08;309.9
2025-09;250.4
2025-10;266.4
2025-11;183.9
2025-12;53.8
