variable,escenario,modelo,plazo,linea_base_1995_2014,anomalia
Temperatura,SSP1-2.6 (bajas),access_cm2,Corto 2021-2040,23.192,1.166
Temperatura,SSP1-2.6 (bajas),access_cm2,Mediano 2041-2060,23.192,1.728
Temperatura,SSP1-2.6 (bajas),access_cm2,Largo 2081-2100,23.192,1.871
Temperatura,SSP1-2.6 (bajas),gfdl_esm4,Corto 2021-2040,23.213,0.442
Temperatura,SSP1-2.6 (bajas),gfdl_esm4,Mediano 2041-2060,23.213,0.806
Temperatura,SSP1-2.6 (bajas),gfdl_esm4,Largo 2081-2100,23.213,0.68
Temperatura,SSP1-2.6 (bajas),mpi_esm1_2_lr,Corto 2021-2040,23.448,0.575
Temperatura,SSP1-2.6 (bajas),mpi_esm1_2_lr,Mediano 2041-2060,23.448,0.913
Temperatura,SSP1-2.6 (bajas),mpi_esm1_2_lr,Largo 2081-2100,23.448,0.593
Temperatura,SSP1-2.6 (bajas),mri_esm2_0,Corto 2021-2040,23.894,0.679
Temperatura,SSP1-2.6 (bajas),mri_esm2_0,Mediano 2041-2060,23.894,0.902
Temperatura,SSP1-2.6 (bajas),mri_esm2_0,Largo 2081-2100,23.894,1.052
Temperatura,SSP1-2.6 (bajas),noresm2_mm,Corto 2021-2040,24.357,0.808
Temperatura,SSP1-2.6 (bajas),noresm2_mm,Mediano 2041-2060,24.357,0.961
Temperatura,SSP1-2.6 (bajas),noresm2_mm,Largo 2081-2100,24.357,1.136
Temperatura,SSP2-4.5 (medias),access_cm2,Corto 2021-2040,23.192,1.082
Temperatura,SSP2-4.5 (medias),access_cm2,Mediano 2041-2060,23.192,2.135
Temperatura,SSP2-4.5 (medias),access_cm2,Largo 2081-2100,23.192,3.187
Temperatura,SSP2-4.5 (medias),gfdl_esm4,Corto 2021-2040,23.213,0.561
Temperatura,SSP2-4.5 (medias),gfdl_esm4,Mediano 2041-2060,23.213,1.003
Temperatura,SSP2-4.5 (medias),gfdl_esm4,Largo 2081-2100,23.213,1.577
Temperatura,SSP2-4.5 (medias),mpi_esm1_2_lr,Corto 2021-2040,23.448,0.609
Temperatura,SSP2-4.5 (medias),mpi_esm1_2_lr,Mediano 2041-2060,23.448,1.185
Temperatura,SSP2-4.5 (medias),mpi_esm1_2_lr,Largo 2081-2100,23.448,2.013
Temperatura,SSP2-4.5 (medias),mri_esm2_0,Corto 2021-2040,23.894,0.785
Temperatura,SSP2-4.5 (medias),mri_esm2_0,Mediano 2041-2060,23.894,1.201
Temperatura,SSP2-4.5 (medias),mri_esm2_0,Largo 2081-2100,23.894,1.976
Temperatura,SSP2-4.5 (medias),noresm2_mm,Corto 2021-2040,24.357,0.686
Temperatura,SSP2-4.5 (medias),noresm2_mm,Mediano 2041-2060,24.357,1.409
Temperatura,SSP2-4.5 (medias),noresm2_mm,Largo 2081-2100,24.357,1.906
Temperatura,SSP5-8.5 (altas),access_cm2,Corto 2021-2040,23.192,1.168
Temperatura,SSP5-8.5 (altas),access_cm2,Mediano 2041-2060,23.192,2.542
Temperatura,SSP5-8.5 (altas),access_cm2,Largo 2081-2100,23.192,6.142
Temperatura,SSP5-8.5 (altas),gfdl_esm4,Corto 2021-2040,23.213,0.584
Temperatura,SSP5-8.5 (altas),gfdl_esm4,Mediano 2041-2060,23.213,1.457
Temperatura,SSP5-8.5 (altas),gfdl_esm4,Largo 2081-2100,23.213,4.165
Temperatura,SSP5-8.5 (altas),mpi_esm1_2_lr,Corto 2021-2040,23.448,0.967
Temperatura,SSP5-8.5 (altas),mpi_esm1_2_lr,Mediano 2041-2060,23.448,2.031
Temperatura,SSP5-8.5 (altas),mpi_esm1_2_lr,Largo 2081-2100,23.448,4.699
Temperatura,SSP5-8.5 (altas),mri_esm2_0,Corto 2021-2040,23.894,0.871
Temperatura,SSP5-8.5 (altas),mri_esm2_0,Mediano 2041-2060,23.894,1.728
Temperatura,SSP5-8.5 (altas),mri_esm2_0,Largo 2081-2100,23.894,3.848
Temperatura,SSP5-8.5 (altas),noresm2_mm,Corto 2021-2040,24.357,0.871
Temperatura,SSP5-8.5 (altas),noresm2_mm,Mediano 2041-2060,24.357,1.698
Temperatura,SSP5-8.5 (altas),noresm2_mm,Largo 2081-2100,24.357,4.018
Precipitación,SSP1-2.6 (bajas),access_cm2,Corto 2021-2040,6.669,5.562
Precipitación,SSP1-2.6 (bajas),access_cm2,Mediano 2041-2060,6.669,13.07
Precipitación,SSP1-2.6 (bajas),access_cm2,Largo 2081-2100,6.669,13.37
Precipitación,SSP1-2.6 (bajas),gfdl_esm4,Corto 2021-2040,5.359,0.798
Precipitación,SSP1-2.6 (bajas),gfdl_esm4,Mediano 2041-2060,5.359,-4.388
Precipitación,SSP1-2.6 (bajas),gfdl_esm4,Largo 2081-2100,5.359,-0.074
Precipitación,SSP1-2.6 (bajas),mpi_esm1_2_lr,Corto 2021-2040,4.187,-1.168
Precipitación,SSP1-2.6 (bajas),mpi_esm1_2_lr,Mediano 2041-2060,4.187,-3.106
Precipitación,SSP1-2.6 (bajas),mpi_esm1_2_lr,Largo 2081-2100,4.187,-1.291
Precipitación,SSP1-2.6 (bajas),mri_esm2_0,Corto 2021-2040,6.593,3.537
Precipitación,SSP1-2.6 (bajas),mri_esm2_0,Mediano 2041-2060,6.593,5.473
Precipitación,SSP1-2.6 (bajas),mri_esm2_0,Largo 2081-2100,6.593,4.579
Precipitación,SSP1-2.6 (bajas),noresm2_mm,Corto 2021-2040,6.053,-5.224
Precipitación,SSP1-2.6 (bajas),noresm2_mm,Mediano 2041-2060,6.053,-1.011
Precipitación,SSP1-2.6 (bajas),noresm2_mm,Largo 2081-2100,6.053,-6.073
Precipitación,SSP2-4.5 (medias),access_cm2,Corto 2021-2040,6.669,7.472
Precipitación,SSP2-4.5 (medias),access_cm2,Mediano 2041-2060,6.669,5.328
Precipitación,SSP2-4.5 (medias),access_cm2,Largo 2081-2100,6.669,14.137
Precipitación,SSP2-4.5 (medias),gfdl_esm4,Corto 2021-2040,5.359,-4.089
Precipitación,SSP2-4.5 (medias),gfdl_esm4,Mediano 2041-2060,5.359,-1.956
Precipitación,SSP2-4.5 (medias),gfdl_esm4,Largo 2081-2100,5.359,-3.251
Precipitación,SSP2-4.5 (medias),mpi_esm1_2_lr,Corto 2021-2040,4.187,-1.321
Precipitación,SSP2-4.5 (medias),mpi_esm1_2_lr,Mediano 2041-2060,4.187,-0.414
Precipitación,SSP2-4.5 (medias),mpi_esm1_2_lr,Largo 2081-2100,4.187,-4.993
Precipitación,SSP2-4.5 (medias),mri_esm2_0,Corto 2021-2040,6.593,0.009
Precipitación,SSP2-4.5 (medias),mri_esm2_0,Mediano 2041-2060,6.593,3.654
Precipitación,SSP2-4.5 (medias),mri_esm2_0,Largo 2081-2100,6.593,0.623
Precipitación,SSP2-4.5 (medias),noresm2_mm,Corto 2021-2040,6.053,-0.498
Precipitación,SSP2-4.5 (medias),noresm2_mm,Mediano 2041-2060,6.053,-6.462
Precipitación,SSP2-4.5 (medias),noresm2_mm,Largo 2081-2100,6.053,-4.285
Precipitación,SSP5-8.5 (altas),access_cm2,Corto 2021-2040,6.669,6.352
Precipitación,SSP5-8.5 (altas),access_cm2,Mediano 2041-2060,6.669,-1.943
Precipitación,SSP5-8.5 (altas),access_cm2,Largo 2081-2100,6.669,-5.562
Precipitación,SSP5-8.5 (altas),gfdl_esm4,Corto 2021-2040,5.359,-5.404
Precipitación,SSP5-8.5 (altas),gfdl_esm4,Mediano 2041-2060,5.359,-7.387
Precipitación,SSP5-8.5 (altas),gfdl_esm4,Largo 2081-2100,5.359,-18.202
Precipitación,SSP5-8.5 (altas),mpi_esm1_2_lr,Corto 2021-2040,4.187,-4.749
Precipitación,SSP5-8.5 (altas),mpi_esm1_2_lr,Mediano 2041-2060,4.187,-9.155
Precipitación,SSP5-8.5 (altas),mpi_esm1_2_lr,Largo 2081-2100,4.187,-13.975
Precipitación,SSP5-8.5 (altas),mri_esm2_0,Corto 2021-2040,6.593,0.075
Precipitación,SSP5-8.5 (altas),mri_esm2_0,Mediano 2041-2060,6.593,0.725
Precipitación,SSP5-8.5 (altas),mri_esm2_0,Largo 2081-2100,6.593,3.627
Precipitación,SSP5-8.5 (altas),noresm2_mm,Corto 2021-2040,6.053,-3.204
Precipitación,SSP5-8.5 (altas),noresm2_mm,Mediano 2041-2060,6.053,-2.378
Precipitación,SSP5-8.5 (altas),noresm2_mm,Largo 2081-2100,6.053,-4.231
