,tas_access_cm2,tas_gfdl_esm4,tas_mpi_esm1_2_lr,tas_mri_esm2_0,tas_noresm2_mm,tas_Ensamble,obs_tas_ERA5,obs_tas_IDEAM,pr_access_cm2,pr_gfdl_esm4,pr_mpi_esm1_2_lr,pr_mri_esm2_0,pr_noresm2_mm,pr_Ensamble,obs_pr_ERA5,obs_pr_CHIRPS,obs_pr_IDEAM
Ene,23.19,23.21,24.81,24.0,24.41,23.92,24.76,26.75,21.17,12.39,10.72,20.18,18.62,16.62,65.92,41.0,33.63
Feb,24.52,25.0,26.35,25.39,24.92,25.23,25.12,27.08,25.99,14.18,43.66,32.97,22.9,27.94,104.6,79.41,81.64
Mar,25.39,26.31,26.21,25.93,24.92,25.75,24.42,26.83,59.83,22.9,111.44,96.19,77.8,73.63,201.8,166.43,195.67
Abr,24.41,25.51,24.12,24.67,24.34,24.61,23.69,26.17,175.23,97.02,177.38,248.51,268.32,193.29,324.56,320.68,387.0
May,22.82,22.95,22.24,23.63,23.77,23.08,23.2,25.77,322.88,287.57,177.8,332.96,386.87,301.62,351.74,371.72,441.55
Jun,22.1,21.59,21.26,22.5,23.25,22.14,22.61,25.24,343.0,350.18,126.02,332.35,327.4,295.79,318.52,352.63,409.0
Jul,21.97,21.32,21.23,22.14,23.25,21.98,22.39,25.11,334.64,351.54,102.93,337.3,239.93,273.27,285.53,307.0,328.34
Ago,22.3,21.99,22.62,22.56,24.07,22.71,22.89,25.53,285.85,248.29,117.85,337.22,180.6,233.96,218.07,256.86,259.51
Sep,23.03,22.83,23.47,23.65,24.88,23.57,23.35,25.97,320.13,163.56,185.3,207.21,215.89,218.42,202.2,236.0,266.32
Oct,23.33,22.92,23.02,24.29,25.06,23.72,23.7,26.24,313.98,171.83,265.44,265.36,221.86,247.69,224.15,260.4,298.76
Nov,22.98,22.61,22.8,24.33,24.78,23.5,23.76,26.27,191.57,202.22,178.25,174.74,203.94,190.14,202.29,212.08,238.92
Dic,22.27,22.31,23.23,23.64,24.63,23.22,23.95,26.37,49.81,43.46,34.29,32.25,51.37,42.24,128.94,111.78,104.42
