variable,referencia,modelo,media_modelo,media_obs,sesgo,sesgo_%,RMSE_ciclo,correl_ciclo,unidad
Temperatura,ERA5,ACCESS-CM2,23.190000534057617,23.65,-0.46,,0.86,0.711,°C
Temperatura,ERA5,GFDL-ESM4,23.209999084472656,23.65,-0.44,,1.2,0.692,°C
Temperatura,ERA5,MPI-ESM1-2-LR,23.450000762939453,23.65,-0.21,,0.96,0.913,°C
Temperatura,ERA5,MRI-ESM2-0,23.889999389648438,23.65,0.24,,0.65,0.839,°C
Temperatura,ERA5,NorESM2-MM,24.360000610351562,23.65,0.7,,0.89,0.739,°C
Temperatura,ERA5,Ensamble,23.6200008392334,23.65,-0.03,,0.61,0.841,°C
Temperatura,IDEAM,ACCESS-CM2,23.190000534057617,26.11,-2.92,,3.0,0.759,°C
Temperatura,IDEAM,GFDL-ESM4,23.209999084472656,26.11,-2.9,,3.12,0.737,°C
Temperatura,IDEAM,MPI-ESM1-2-LR,23.450000762939453,26.11,-2.66,,2.87,0.923,°C
Temperatura,IDEAM,MRI-ESM2-0,23.889999389648438,26.11,-2.22,,2.3,0.895,°C
Temperatura,IDEAM,NorESM2-MM,24.360000610351562,26.11,-1.75,,1.79,0.819,°C
Temperatura,IDEAM,Ensamble,23.6200008392334,26.11,-2.49,,2.57,0.885,°C
Precipitación,ERA5,ACCESS-CM2,203.67,219.03,-15.35,-7.0,85.35,0.754,mm/mes
Precipitación,ERA5,GFDL-ESM4,163.76,219.03,-55.26,-25.2,98.63,0.743,mm/mes
Precipitación,ERA5,MPI-ESM1-2-LR,127.59,219.03,-91.44,-41.7,115.04,0.618,mm/mes
Precipitación,ERA5,MRI-ESM2-0,201.44,219.03,-17.59,-8.0,66.71,0.866,mm/mes
Precipitación,ERA5,NorESM2-MM,184.63,219.03,-34.4,-15.7,56.61,0.938,mm/mes
Precipitación,ERA5,Ensamble,176.22,219.03,-42.81,-19.5,67.01,0.865,mm/mes
Precipitación,CHIRPS,ACCESS-CM2,203.67,226.33,-22.66,-10.0,67.12,0.869,mm/mes
Precipitación,CHIRPS,GFDL-ESM4,163.76,226.33,-62.57,-27.6,92.51,0.829,mm/mes
Precipitación,CHIRPS,MPI-ESM1-2-LR,127.59,226.33,-98.74,-43.6,124.31,0.681,mm/mes
Precipitación,CHIRPS,MRI-ESM2-0,201.44,226.33,-24.9,-11.0,50.49,0.938,mm/mes
Precipitación,CHIRPS,NorESM2-MM,184.63,226.33,-41.71,-18.4,50.89,0.969,mm/mes
Precipitación,CHIRPS,Ensamble,176.22,226.33,-50.12,-22.1,60.33,0.947,mm/mes
Precipitación,IDEAM,ACCESS-CM2,203.67,253.73,-50.06,-19.7,88.54,0.833,mm/mes
Precipitación,IDEAM,GFDL-ESM4,163.76,253.73,-89.97,-35.5,121.97,0.779,mm/mes
Precipitación,IDEAM,MPI-ESM1-2-LR,127.59,253.73,-126.14,-49.7,155.4,0.704,mm/mes
Precipitación,IDEAM,MRI-ESM2-0,201.44,253.73,-52.29,-20.6,76.02,0.901,mm/mes
Precipitación,IDEAM,NorESM2-MM,184.63,253.73,-69.1,-27.2,75.19,0.974,mm/mes
Precipitación,IDEAM,Ensamble,176.22,253.73,-77.51,-30.5,92.56,0.921,mm/mes
