anio,ONI_medio,fase,T_ERA5,T_ERA5_sin_tendencia
1995,-0.16,Neutro,23.69,24.22
1996,-0.46,Neutro,23.16,23.65
1997,1.17,El Niño,23.58,24.04
1998,-0.06,Neutro,23.85,24.28
1999,-1.22,La Niña,23.09,23.48
2000,-0.84,La Niña,23.3,23.65
2001,-0.31,Neutro,23.35,23.67
2002,0.63,El Niño,23.52,23.8
2003,0.25,Neutro,23.58,23.82
2004,0.45,Neutro,23.55,23.76
2005,0.04,Neutro,23.76,23.94
2006,0.07,Neutro,23.61,23.75
2007,-0.61,La Niña,23.88,23.99
2008,-0.78,La Niña,23.85,23.92
2009,0.28,Neutro,23.82,23.85
2010,-0.48,Neutro,24.21,24.21
2011,-0.78,La Niña,23.86,23.82
2012,-0.06,Neutro,23.61,23.54
2013,-0.23,Neutro,23.78,23.67
2014,0.2,Neutro,24.0,23.86
2015,1.55,El Niño,23.95,23.77
2016,0.42,Neutro,24.21,24.0
2017,-0.12,Neutro,24.08,23.83
2018,0.09,Neutro,23.89,23.61
2019,0.58,El Niño,24.18,23.86
2020,-0.27,Neutro,24.45,24.09
2021,-0.64,La Niña,24.21,23.82
2022,-0.85,La Niña,23.8,23.38
2023,0.9,El Niño,24.6,24.15
2024,0.44,Neutro,24.95,24.46
2025,-0.28,Neutro,24.11,23.58
