variable,referencia,escenario,plazo,mes,observado_1995_2014,media_ensamble,minimo,maximo,unidad
Temperatura,ERA5,SSP1-2.6 (bajas),Corto 2021-2040,Ene,24.76,25.45,25.17,25.87,°C
Temperatura,ERA5,SSP1-2.6 (bajas),Corto 2021-2040,Feb,25.12,26.01,25.65,26.72,°C
Temperatura,ERA5,SSP1-2.6 (bajas),Corto 2021-2040,Mar,24.42,25.38,25.09,25.79,°C
Temperatura,ERA5,SSP1-2.6 (bajas),Corto 2021-2040,Abr,23.69,24.3,23.86,24.62,°C
Temperatura,ERA5,SSP1-2.6 (bajas),Corto 2021-2040,May,23.2,23.85,23.41,24.25,°C
Temperatura,ERA5,SSP1-2.6 (bajas),Corto 2021-2040,Jun,22.61,23.36,23.04,23.74,°C
Temperatura,ERA5,SSP1-2.6 (bajas),Corto 2021-2040,Jul,22.39,23.03,22.79,23.46,°C
Temperatura,ERA5,SSP1-2.6 (bajas),Corto 2021-2040,Ago,22.89,23.59,23.26,23.99,°C
Temperatura,ERA5,SSP1-2.6 (bajas),Corto 2021-2040,Sep,23.35,24.12,23.74,24.46,°C
Temperatura,ERA5,SSP1-2.6 (bajas),Corto 2021-2040,Oct,23.7,24.41,24.15,24.89,°C
Temperatura,ERA5,SSP1-2.6 (bajas),Corto 2021-2040,Nov,23.76,24.43,24.1,24.95,°C
Temperatura,ERA5,SSP1-2.6 (bajas),Corto 2021-2040,Dic,23.95,24.71,24.41,25.09,°C
Temperatura,ERA5,SSP1-2.6 (bajas),Mediano 2041-2060,Ene,24.76,25.88,25.35,26.62,°C
Temperatura,ERA5,SSP1-2.6 (bajas),Mediano 2041-2060,Feb,25.12,26.33,25.78,27.34,°C
Temperatura,ERA5,SSP1-2.6 (bajas),Mediano 2041-2060,Mar,24.42,25.47,25.03,26.01,°C
Temperatura,ERA5,SSP1-2.6 (bajas),Mediano 2041-2060,Abr,23.69,24.73,24.52,25.23,°C
Temperatura,ERA5,SSP1-2.6 (bajas),Mediano 2041-2060,May,23.2,24.18,23.79,24.88,°C
Temperatura,ERA5,SSP1-2.6 (bajas),Mediano 2041-2060,Jun,22.61,23.65,23.3,24.42,°C
Temperatura,ERA5,SSP1-2.6 (bajas),Mediano 2041-2060,Jul,22.39,23.37,23.0,23.93,°C
Temperatura,ERA5,SSP1-2.6 (bajas),Mediano 2041-2060,Ago,22.89,23.9,23.52,24.47,°C
Temperatura,ERA5,SSP1-2.6 (bajas),Mediano 2041-2060,Sep,23.35,24.5,24.15,25.02,°C
Temperatura,ERA5,SSP1-2.6 (bajas),Mediano 2041-2060,Oct,23.7,24.77,24.55,25.45,°C
Temperatura,ERA5,SSP1-2.6 (bajas),Mediano 2041-2060,Nov,23.76,24.72,24.37,25.46,°C
Temperatura,ERA5,SSP1-2.6 (bajas),Mediano 2041-2060,Dic,23.95,25.07,24.82,25.75,°C
Temperatura,ERA5,SSP1-2.6 (bajas),Largo 2081-2100,Ene,24.76,25.85,25.35,26.91,°C
Temperatura,ERA5,SSP1-2.6 (bajas),Largo 2081-2100,Feb,25.12,26.29,25.73,27.56,°C
Temperatura,ERA5,SSP1-2.6 (bajas),Largo 2081-2100,Mar,24.42,25.62,24.9,26.24,°C
Temperatura,ERA5,SSP1-2.6 (bajas),Largo 2081-2100,Abr,23.69,24.75,24.11,25.24,°C
Temperatura,ERA5,SSP1-2.6 (bajas),Largo 2081-2100,May,23.2,24.3,23.83,25.0,°C
Temperatura,ERA5,SSP1-2.6 (bajas),Largo 2081-2100,Jun,22.61,23.73,23.34,24.39,°C
Temperatura,ERA5,SSP1-2.6 (bajas),Largo 2081-2100,Jul,22.39,23.3,22.77,24.06,°C
Temperatura,ERA5,SSP1-2.6 (bajas),Largo 2081-2100,Ago,22.89,23.92,23.2,24.68,°C
Temperatura,ERA5,SSP1-2.6 (bajas),Largo 2081-2100,Sep,23.35,24.44,23.89,25.13,°C
Temperatura,ERA5,SSP1-2.6 (bajas),Largo 2081-2100,Oct,23.7,24.67,24.16,25.55,°C
Temperatura,ERA5,SSP1-2.6 (bajas),Largo 2081-2100,Nov,23.76,24.74,24.19,25.65,°C
Temperatura,ERA5,SSP1-2.6 (bajas),Largo 2081-2100,Dic,23.95,25.04,24.59,25.96,°C
Temperatura,ERA5,SSP2-4.5 (medias),Corto 2021-2040,Ene,24.76,25.5,25.17,25.79,°C
Temperatura,ERA5,SSP2-4.5 (medias),Corto 2021-2040,Feb,25.12,25.94,25.65,26.59,°C
Temperatura,ERA5,SSP2-4.5 (medias),Corto 2021-2040,Mar,24.42,25.22,24.96,25.61,°C
Temperatura,ERA5,SSP2-4.5 (medias),Corto 2021-2040,Abr,23.69,24.37,24.09,24.62,°C
Temperatura,ERA5,SSP2-4.5 (medias),Corto 2021-2040,May,23.2,23.91,23.48,24.2,°C
Temperatura,ERA5,SSP2-4.5 (medias),Corto 2021-2040,Jun,22.61,23.38,23.12,23.67,°C
Temperatura,ERA5,SSP2-4.5 (medias),Corto 2021-2040,Jul,22.39,23.06,22.83,23.32,°C
Temperatura,ERA5,SSP2-4.5 (medias),Corto 2021-2040,Ago,22.89,23.6,23.42,23.89,°C
Temperatura,ERA5,SSP2-4.5 (medias),Corto 2021-2040,Sep,23.35,24.16,23.9,24.41,°C
Temperatura,ERA5,SSP2-4.5 (medias),Corto 2021-2040,Oct,23.7,24.42,24.24,24.78,°C
Temperatura,ERA5,SSP2-4.5 (medias),Corto 2021-2040,Nov,23.76,24.47,24.26,24.85,°C
Temperatura,ERA5,SSP2-4.5 (medias),Corto 2021-2040,Dic,23.95,24.73,24.35,25.1,°C
Temperatura,ERA5,SSP2-4.5 (medias),Mediano 2041-2060,Ene,24.76,26.17,25.67,27.15,°C
Temperatura,ERA5,SSP2-4.5 (medias),Mediano 2041-2060,Feb,25.12,26.74,26.31,27.82,°C
Temperatura,ERA5,SSP2-4.5 (medias),Mediano 2041-2060,Mar,24.42,26.14,25.71,26.95,°C
Temperatura,ERA5,SSP2-4.5 (medias),Mediano 2041-2060,Abr,23.69,25.11,24.69,25.78,°C
Temperatura,ERA5,SSP2-4.5 (medias),Mediano 2041-2060,May,23.2,24.49,23.92,25.16,°C
Temperatura,ERA5,SSP2-4.5 (medias),Mediano 2041-2060,Jun,22.61,23.89,23.46,24.65,°C
Temperatura,ERA5,SSP2-4.5 (medias),Mediano 2041-2060,Jul,22.39,23.6,22.98,24.19,°C
Temperatura,ERA5,SSP2-4.5 (medias),Mediano 2041-2060,Ago,22.89,24.15,23.64,24.71,°C
Temperatura,ERA5,SSP2-4.5 (medias),Mediano 2041-2060,Sep,23.35,24.7,24.26,25.27,°C
Temperatura,ERA5,SSP2-4.5 (medias),Mediano 2041-2060,Oct,23.7,25.03,24.71,25.7,°C
Temperatura,ERA5,SSP2-4.5 (medias),Mediano 2041-2060,Nov,23.76,25.05,24.51,25.84,°C
Temperatura,ERA5,SSP2-4.5 (medias),Mediano 2041-2060,Dic,23.95,25.39,24.83,26.21,°C
Temperatura,ERA5,SSP2-4.5 (medias),Largo 2081-2100,Ene,24.76,27.16,26.67,28.46,°C
Temperatura,ERA5,SSP2-4.5 (medias),Largo 2081-2100,Feb,25.12,27.51,26.8,28.95,°C
Temperatura,ERA5,SSP2-4.5 (medias),Largo 2081-2100,Mar,24.42,26.47,25.79,27.66,°C
Temperatura,ERA5,SSP2-4.5 (medias),Largo 2081-2100,Abr,23.69,25.7,25.05,26.75,°C
Temperatura,ERA5,SSP2-4.5 (medias),Largo 2081-2100,May,23.2,25.13,24.29,26.15,°C
Temperatura,ERA5,SSP2-4.5 (medias),Largo 2081-2100,Jun,22.61,24.67,24.09,25.62,°C
Temperatura,ERA5,SSP2-4.5 (medias),Largo 2081-2100,Jul,22.39,24.39,23.67,25.23,°C
Temperatura,ERA5,SSP2-4.5 (medias),Largo 2081-2100,Ago,22.89,24.96,24.25,25.85,°C
Temperatura,ERA5,SSP2-4.5 (medias),Largo 2081-2100,Sep,23.35,25.57,24.9,26.36,°C
Temperatura,ERA5,SSP2-4.5 (medias),Largo 2081-2100,Oct,23.7,25.87,25.52,26.78,°C
Temperatura,ERA5,SSP2-4.5 (medias),Largo 2081-2100,Nov,23.76,25.76,25.36,26.86,°C
Temperatura,ERA5,SSP2-4.5 (medias),Largo 2081-2100,Dic,23.95,26.23,25.73,27.4,°C
Temperatura,ERA5,SSP5-8.5 (altas),Corto 2021-2040,Ene,24.76,25.75,25.43,26.04,°C
Temperatura,ERA5,SSP5-8.5 (altas),Corto 2021-2040,Feb,25.12,26.27,25.91,26.78,°C
Temperatura,ERA5,SSP5-8.5 (altas),Corto 2021-2040,Mar,24.42,25.54,25.21,25.83,°C
Temperatura,ERA5,SSP5-8.5 (altas),Corto 2021-2040,Abr,23.69,24.43,23.7,24.89,°C
Temperatura,ERA5,SSP5-8.5 (altas),Corto 2021-2040,May,23.2,23.86,23.43,24.26,°C
Temperatura,ERA5,SSP5-8.5 (altas),Corto 2021-2040,Jun,22.61,23.4,23.13,23.72,°C
Temperatura,ERA5,SSP5-8.5 (altas),Corto 2021-2040,Jul,22.39,23.14,22.83,23.34,°C
Temperatura,ERA5,SSP5-8.5 (altas),Corto 2021-2040,Ago,22.89,23.75,23.46,23.96,°C
Temperatura,ERA5,SSP5-8.5 (altas),Corto 2021-2040,Sep,23.35,24.29,23.89,24.49,°C
Temperatura,ERA5,SSP5-8.5 (altas),Corto 2021-2040,Oct,23.7,24.56,24.39,24.88,°C
Temperatura,ERA5,SSP5-8.5 (altas),Corto 2021-2040,Nov,23.76,24.57,24.33,24.87,°C
Temperatura,ERA5,SSP5-8.5 (altas),Corto 2021-2040,Dic,23.95,24.97,24.73,25.27,°C
Temperatura,ERA5,SSP5-8.5 (altas),Mediano 2041-2060,Ene,24.76,26.97,26.52,27.72,°C
Temperatura,ERA5,SSP5-8.5 (altas),Mediano 2041-2060,Feb,25.12,27.37,26.84,28.26,°C
Temperatura,ERA5,SSP5-8.5 (altas),Mediano 2041-2060,Mar,24.42,26.55,26.13,27.33,°C
Temperatura,ERA5,SSP5-8.5 (altas),Mediano 2041-2060,Abr,23.69,25.51,24.72,26.29,°C
Temperatura,ERA5,SSP5-8.5 (altas),Mediano 2041-2060,May,23.2,24.86,24.11,25.46,°C
Temperatura,ERA5,SSP5-8.5 (altas),Mediano 2041-2060,Jun,22.61,24.24,23.76,24.95,°C
Temperatura,ERA5,SSP5-8.5 (altas),Mediano 2041-2060,Jul,22.39,24.02,23.42,24.44,°C
Temperatura,ERA5,SSP5-8.5 (altas),Mediano 2041-2060,Ago,22.89,24.65,24.16,25.05,°C
Temperatura,ERA5,SSP5-8.5 (altas),Mediano 2041-2060,Sep,23.35,25.34,24.9,26.18,°C
Temperatura,ERA5,SSP5-8.5 (altas),Mediano 2041-2060,Oct,23.7,25.55,25.29,26.19,°C
Temperatura,ERA5,SSP5-8.5 (altas),Mediano 2041-2060,Nov,23.76,25.46,25.03,26.21,°C
Temperatura,ERA5,SSP5-8.5 (altas),Mediano 2041-2060,Dic,23.95,26.03,25.65,26.81,°C
Temperatura,ERA5,SSP5-8.5 (altas),Largo 2081-2100,Ene,24.76,30.1,28.89,31.91,°C
Temperatura,ERA5,SSP5-8.5 (altas),Largo 2081-2100,Feb,25.12,30.52,29.77,32.26,°C
Temperatura,ERA5,SSP5-8.5 (altas),Largo 2081-2100,Mar,24.42,29.46,28.67,31.04,°C
Temperatura,ERA5,SSP5-8.5 (altas),Largo 2081-2100,Abr,23.69,27.89,26.81,29.82,°C
Temperatura,ERA5,SSP5-8.5 (altas),Largo 2081-2100,May,23.2,27.08,25.86,28.9,°C
Temperatura,ERA5,SSP5-8.5 (altas),Largo 2081-2100,Jun,22.61,26.52,25.69,28.08,°C
Temperatura,ERA5,SSP5-8.5 (altas),Largo 2081-2100,Jul,22.39,26.39,25.31,27.66,°C
Temperatura,ERA5,SSP5-8.5 (altas),Largo 2081-2100,Ago,22.89,27.23,26.15,28.41,°C
Temperatura,ERA5,SSP5-8.5 (altas),Largo 2081-2100,Sep,23.35,28.11,26.74,29.98,°C
Temperatura,ERA5,SSP5-8.5 (altas),Largo 2081-2100,Oct,23.7,28.46,27.34,29.6,°C
Temperatura,ERA5,SSP5-8.5 (altas),Largo 2081-2100,Nov,23.76,28.08,26.83,29.83,°C
Temperatura,ERA5,SSP5-8.5 (altas),Largo 2081-2100,Dic,23.95,28.88,27.71,31.12,°C
Precipitación,ERA5,SSP1-2.6 (bajas),Corto 2021-2040,Ene,65.92,74.28,62.28,92.27,mm/mes
Precipitación,ERA5,SSP1-2.6 (bajas),Corto 2021-2040,Feb,104.6,101.46,82.45,130.36,mm/mes
Precipitación,ERA5,SSP1-2.6 (bajas),Corto 2021-2040,Mar,201.8,210.69,177.93,263.62,mm/mes
Precipitación,ERA5,SSP1-2.6 (bajas),Corto 2021-2040,Abr,324.56,342.76,320.43,377.66,mm/mes
Precipitación,ERA5,SSP1-2.6 (bajas),Corto 2021-2040,May,351.74,365.48,353.79,383.48,mm/mes
Precipitación,ERA5,SSP1-2.6 (bajas),Corto 2021-2040,Jun,318.51,320.71,300.1,331.41,mm/mes
Precipitación,ERA5,SSP1-2.6 (bajas),Corto 2021-2040,Jul,285.53,274.97,252.64,288.94,mm/mes
Precipitación,ERA5,SSP1-2.6 (bajas),Corto 2021-2040,Ago,218.07,199.33,188.1,212.0,mm/mes
Precipitación,ERA5,SSP1-2.6 (bajas),Corto 2021-2040,Sep,202.2,184.13,175.54,191.41,mm/mes
Precipitación,ERA5,SSP1-2.6 (bajas),Corto 2021-2040,Oct,224.15,214.81,198.92,244.97,mm/mes
Precipitación,ERA5,SSP1-2.6 (bajas),Corto 2021-2040,Nov,202.29,207.64,179.66,240.51,mm/mes
Precipitación,ERA5,SSP1-2.6 (bajas),Corto 2021-2040,Dic,128.94,150.57,118.6,196.12,mm/mes
Precipitación,ERA5,SSP1-2.6 (bajas),Mediano 2041-2060,Ene,65.92,79.29,62.19,91.12,mm/mes
Precipitación,ERA5,SSP1-2.6 (bajas),Mediano 2041-2060,Feb,104.6,120.79,101.27,175.6,mm/mes
Precipitación,ERA5,SSP1-2.6 (bajas),Mediano 2041-2060,Mar,201.8,221.2,191.76,299.72,mm/mes
Precipitación,ERA5,SSP1-2.6 (bajas),Mediano 2041-2060,Abr,324.56,347.29,318.3,420.28,mm/mes
Precipitación,ERA5,SSP1-2.6 (bajas),Mediano 2041-2060,May,351.74,363.57,338.01,408.56,mm/mes
Precipitación,ERA5,SSP1-2.6 (bajas),Mediano 2041-2060,Jun,318.51,325.01,301.67,342.72,mm/mes
Precipitación,ERA5,SSP1-2.6 (bajas),Mediano 2041-2060,Jul,285.53,280.13,254.78,300.96,mm/mes
Precipitación,ERA5,SSP1-2.6 (bajas),Mediano 2041-2060,Ago,218.07,203.15,181.41,232.0,mm/mes
Precipitación,ERA5,SSP1-2.6 (bajas),Mediano 2041-2060,Sep,202.2,184.28,171.48,196.46,mm/mes
Precipitación,ERA5,SSP1-2.6 (bajas),Mediano 2041-2060,Oct,224.15,209.1,178.08,236.22,mm/mes
Precipitación,ERA5,SSP1-2.6 (bajas),Mediano 2041-2060,Nov,202.29,203.02,176.36,229.3,mm/mes
Precipitación,ERA5,SSP1-2.6 (bajas),Mediano 2041-2060,Dic,128.94,144.4,122.62,176.24,mm/mes
Precipitación,ERA5,SSP1-2.6 (bajas),Largo 2081-2100,Ene,65.92,78.63,50.58,95.02,mm/mes
Precipitación,ERA5,SSP1-2.6 (bajas),Largo 2081-2100,Feb,104.6,117.83,64.21,183.07,mm/mes
Precipitación,ERA5,SSP1-2.6 (bajas),Largo 2081-2100,Mar,201.8,216.61,155.71,297.84,mm/mes
Precipitación,ERA5,SSP1-2.6 (bajas),Largo 2081-2100,Abr,324.56,339.55,302.04,418.01,mm/mes
Precipitación,ERA5,SSP1-2.6 (bajas),Largo 2081-2100,May,351.74,371.99,339.04,407.47,mm/mes
Precipitación,ERA5,SSP1-2.6 (bajas),Largo 2081-2100,Jun,318.51,327.23,281.18,372.51,mm/mes
Precipitación,ERA5,SSP1-2.6 (bajas),Largo 2081-2100,Jul,285.53,284.73,238.61,340.27,mm/mes
Precipitación,ERA5,SSP1-2.6 (bajas),Largo 2081-2100,Ago,218.07,202.36,179.9,253.68,mm/mes
Precipitación,ERA5,SSP1-2.6 (bajas),Largo 2081-2100,Sep,202.2,188.63,168.82,226.05,mm/mes
Precipitación,ERA5,SSP1-2.6 (bajas),Largo 2081-2100,Oct,224.15,213.5,194.96,248.32,mm/mes
Precipitación,ERA5,SSP1-2.6 (bajas),Largo 2081-2100,Nov,202.29,203.17,185.13,221.32,mm/mes
Precipitación,ERA5,SSP1-2.6 (bajas),Largo 2081-2100,Dic,128.94,138.79,131.07,147.61,mm/mes
Precipitación,ERA5,SSP2-4.5 (medias),Corto 2021-2040,Ene,65.92,80.88,76.28,86.43,mm/mes
Precipitación,ERA5,SSP2-4.5 (medias),Corto 2021-2040,Feb,104.6,117.11,105.96,135.36,mm/mes
Precipitación,ERA5,SSP2-4.5 (medias),Corto 2021-2040,Mar,201.8,214.34,191.4,243.0,mm/mes
Precipitación,ERA5,SSP2-4.5 (medias),Corto 2021-2040,Abr,324.56,335.37,305.2,360.32,mm/mes
Precipitación,ERA5,SSP2-4.5 (medias),Corto 2021-2040,May,351.74,349.41,329.14,372.47,mm/mes
Precipitación,ERA5,SSP2-4.5 (medias),Corto 2021-2040,Jun,318.51,312.53,294.66,326.18,mm/mes
Precipitación,ERA5,SSP2-4.5 (medias),Corto 2021-2040,Jul,285.53,273.99,255.44,296.47,mm/mes
Precipitación,ERA5,SSP2-4.5 (medias),Corto 2021-2040,Ago,218.07,205.35,184.72,223.78,mm/mes
Precipitación,ERA5,SSP2-4.5 (medias),Corto 2021-2040,Sep,202.2,188.4,164.7,204.98,mm/mes
Precipitación,ERA5,SSP2-4.5 (medias),Corto 2021-2040,Oct,224.15,213.46,187.94,229.28,mm/mes
Precipitación,ERA5,SSP2-4.5 (medias),Corto 2021-2040,Nov,202.29,204.19,179.1,221.2,mm/mes
Precipitación,ERA5,SSP2-4.5 (medias),Corto 2021-2040,Dic,128.94,141.76,122.59,152.45,mm/mes
Precipitación,ERA5,SSP2-4.5 (medias),Mediano 2041-2060,Ene,65.92,76.78,70.52,88.53,mm/mes
Precipitación,ERA5,SSP2-4.5 (medias),Mediano 2041-2060,Feb,104.6,102.04,80.03,122.75,mm/mes
Precipitación,ERA5,SSP2-4.5 (medias),Mediano 2041-2060,Mar,201.8,193.87,163.89,216.59,mm/mes
Precipitación,ERA5,SSP2-4.5 (medias),Mediano 2041-2060,Abr,324.56,324.53,301.0,356.52,mm/mes
Precipitación,ERA5,SSP2-4.5 (medias),Mediano 2041-2060,May,351.74,363.55,336.9,383.43,mm/mes
Precipitación,ERA5,SSP2-4.5 (medias),Mediano 2041-2060,Jun,318.51,327.49,302.26,367.59,mm/mes
Precipitación,ERA5,SSP2-4.5 (medias),Mediano 2041-2060,Jul,285.53,288.34,267.17,324.11,mm/mes
Precipitación,ERA5,SSP2-4.5 (medias),Mediano 2041-2060,Ago,218.07,206.96,181.87,241.2,mm/mes
Precipitación,ERA5,SSP2-4.5 (medias),Mediano 2041-2060,Sep,202.2,189.14,165.03,208.0,mm/mes
Precipitación,ERA5,SSP2-4.5 (medias),Mediano 2041-2060,Oct,224.15,212.0,182.84,245.87,mm/mes
Precipitación,ERA5,SSP2-4.5 (medias),Mediano 2041-2060,Nov,202.29,203.58,180.02,233.21,mm/mes
Precipitación,ERA5,SSP2-4.5 (medias),Mediano 2041-2060,Dic,128.94,141.33,124.34,160.46,mm/mes
Precipitación,ERA5,SSP2-4.5 (medias),Largo 2081-2100,Ene,65.92,81.84,48.57,103.11,mm/mes
Precipitación,ERA5,SSP2-4.5 (medias),Largo 2081-2100,Feb,104.6,131.79,77.13,175.2,mm/mes
Precipitación,ERA5,SSP2-4.5 (medias),Largo 2081-2100,Mar,201.8,229.6,162.68,290.91,mm/mes
Precipitación,ERA5,SSP2-4.5 (medias),Largo 2081-2100,Abr,324.56,352.42,311.71,428.94,mm/mes
Precipitación,ERA5,SSP2-4.5 (medias),Largo 2081-2100,May,351.74,369.62,332.17,427.03,mm/mes
Precipitación,ERA5,SSP2-4.5 (medias),Largo 2081-2100,Jun,318.51,324.06,289.4,370.1,mm/mes
Precipitación,ERA5,SSP2-4.5 (medias),Largo 2081-2100,Jul,285.53,273.8,251.07,320.92,mm/mes
Precipitación,ERA5,SSP2-4.5 (medias),Largo 2081-2100,Ago,218.07,190.15,158.39,232.49,mm/mes
Precipitación,ERA5,SSP2-4.5 (medias),Largo 2081-2100,Sep,202.2,166.05,125.6,195.25,mm/mes
Precipitación,ERA5,SSP2-4.5 (medias),Largo 2081-2100,Oct,224.15,191.44,150.31,221.68,mm/mes
Precipitación,ERA5,SSP2-4.5 (medias),Largo 2081-2100,Nov,202.29,190.12,152.56,216.2,mm/mes
Precipitación,ERA5,SSP2-4.5 (medias),Largo 2081-2100,Dic,128.94,139.1,114.61,167.42,mm/mes
Precipitación,ERA5,SSP5-8.5 (altas),Corto 2021-2040,Ene,65.92,70.61,48.77,91.98,mm/mes
Precipitación,ERA5,SSP5-8.5 (altas),Corto 2021-2040,Feb,104.6,108.2,86.7,131.42,mm/mes
Precipitación,ERA5,SSP5-8.5 (altas),Corto 2021-2040,Mar,201.8,212.26,177.83,259.04,mm/mes
Precipitación,ERA5,SSP5-8.5 (altas),Corto 2021-2040,Abr,324.56,331.85,318.98,346.77,mm/mes
Precipitación,ERA5,SSP5-8.5 (altas),Corto 2021-2040,May,351.74,360.4,336.43,375.4,mm/mes
Precipitación,ERA5,SSP5-8.5 (altas),Corto 2021-2040,Jun,318.51,320.15,287.68,363.64,mm/mes
Precipitación,ERA5,SSP5-8.5 (altas),Corto 2021-2040,Jul,285.53,276.3,249.61,305.26,mm/mes
Precipitación,ERA5,SSP5-8.5 (altas),Corto 2021-2040,Ago,218.07,196.96,177.2,222.31,mm/mes
Precipitación,ERA5,SSP5-8.5 (altas),Corto 2021-2040,Sep,202.2,182.28,164.34,206.51,mm/mes
Precipitación,ERA5,SSP5-8.5 (altas),Corto 2021-2040,Oct,224.15,204.22,169.87,229.47,mm/mes
Precipitación,ERA5,SSP5-8.5 (altas),Corto 2021-2040,Nov,202.29,196.93,162.52,224.5,mm/mes
Precipitación,ERA5,SSP5-8.5 (altas),Corto 2021-2040,Dic,128.94,132.07,108.12,151.71,mm/mes
Precipitación,ERA5,SSP5-8.5 (altas),Mediano 2041-2060,Ene,65.92,71.39,52.33,105.64,mm/mes
Precipitación,ERA5,SSP5-8.5 (altas),Mediano 2041-2060,Feb,104.6,113.49,91.44,145.41,mm/mes
Precipitación,ERA5,SSP5-8.5 (altas),Mediano 2041-2060,Mar,201.8,205.7,171.25,239.95,mm/mes
Precipitación,ERA5,SSP5-8.5 (altas),Mediano 2041-2060,Abr,324.56,327.59,291.16,346.68,mm/mes
Precipitación,ERA5,SSP5-8.5 (altas),Mediano 2041-2060,May,351.74,351.88,323.97,377.47,mm/mes
Precipitación,ERA5,SSP5-8.5 (altas),Mediano 2041-2060,Jun,318.51,314.98,285.51,365.96,mm/mes
Precipitación,ERA5,SSP5-8.5 (altas),Mediano 2041-2060,Jul,285.53,273.67,252.64,318.03,mm/mes
Precipitación,ERA5,SSP5-8.5 (altas),Mediano 2041-2060,Ago,218.07,190.79,165.68,231.98,mm/mes
Precipitación,ERA5,SSP5-8.5 (altas),Mediano 2041-2060,Sep,202.2,170.11,131.51,192.42,mm/mes
Precipitación,ERA5,SSP5-8.5 (altas),Mediano 2041-2060,Oct,224.15,189.11,149.84,213.45,mm/mes
Precipitación,ERA5,SSP5-8.5 (altas),Mediano 2041-2060,Nov,202.29,184.97,154.31,209.27,mm/mes
Precipitación,ERA5,SSP5-8.5 (altas),Mediano 2041-2060,Dic,128.94,129.38,109.95,143.02,mm/mes
Precipitación,ERA5,SSP5-8.5 (altas),Largo 2081-2100,Ene,65.92,69.68,36.73,95.08,mm/mes
Precipitación,ERA5,SSP5-8.5 (altas),Largo 2081-2100,Feb,104.6,113.29,67.26,161.51,mm/mes
Precipitación,ERA5,SSP5-8.5 (altas),Largo 2081-2100,Mar,201.8,206.98,149.58,278.03,mm/mes
Precipitación,ERA5,SSP5-8.5 (altas),Largo 2081-2100,Abr,324.56,325.29,292.85,351.35,mm/mes
Precipitación,ERA5,SSP5-8.5 (altas),Largo 2081-2100,May,351.74,359.56,320.52,422.94,mm/mes
Precipitación,ERA5,SSP5-8.5 (altas),Largo 2081-2100,Jun,318.51,328.19,272.56,450.34,mm/mes
Precipitación,ERA5,SSP5-8.5 (altas),Largo 2081-2100,Jul,285.53,273.87,211.4,380.06,mm/mes
Precipitación,ERA5,SSP5-8.5 (altas),Largo 2081-2100,Ago,218.07,177.32,128.27,258.83,mm/mes
Precipitación,ERA5,SSP5-8.5 (altas),Largo 2081-2100,Sep,202.2,139.77,69.55,184.61,mm/mes
Precipitación,ERA5,SSP5-8.5 (altas),Largo 2081-2100,Oct,224.15,156.5,65.35,208.41,mm/mes
Precipitación,ERA5,SSP5-8.5 (altas),Largo 2081-2100,Nov,202.29,157.72,74.51,225.12,mm/mes
Precipitación,ERA5,SSP5-8.5 (altas),Largo 2081-2100,Dic,128.94,119.04,66.61,168.07,mm/mes
Precipitación,CHIRPS,SSP1-2.6 (bajas),Corto 2021-2040,Ene,41.01,46.48,38.7,57.98,mm/mes
Precipitación,CHIRPS,SSP1-2.6 (bajas),Corto 2021-2040,Feb,79.41,77.53,62.53,100.46,mm/mes
Precipitación,CHIRPS,SSP1-2.6 (bajas),Corto 2021-2040,Mar,166.43,174.88,146.91,220.69,mm/mes
Precipitación,CHIRPS,SSP1-2.6 (bajas),Corto 2021-2040,Abr,320.68,340.66,316.96,378.76,mm/mes
Precipitación,CHIRPS,SSP1-2.6 (bajas),Corto 2021-2040,May,371.72,388.41,374.09,409.44,mm/mes
Precipitación,CHIRPS,SSP1-2.6 (bajas),Corto 2021-2040,Jun,352.63,356.96,337.23,370.7,mm/mes
Precipitación,CHIRPS,SSP1-2.6 (bajas),Corto 2021-2040,Jul,307.0,297.22,275.72,313.88,mm/mes
Precipitación,CHIRPS,SSP1-2.6 (bajas),Corto 2021-2040,Ago,256.87,236.05,224.89,250.0,mm/mes
Precipitación,CHIRPS,SSP1-2.6 (bajas),Corto 2021-2040,Sep,236.0,216.05,207.96,223.65,mm/mes
Precipitación,CHIRPS,SSP1-2.6 (bajas),Corto 2021-2040,Oct,260.4,250.85,234.2,284.9,mm/mes
Precipitación,CHIRPS,SSP1-2.6 (bajas),Corto 2021-2040,Nov,212.07,218.81,191.18,252.42,mm/mes
Precipitación,CHIRPS,SSP1-2.6 (bajas),Corto 2021-2040,Dic,111.78,131.23,102.71,170.22,mm/mes
Precipitación,CHIRPS,SSP1-2.6 (bajas),Mediano 2041-2060,Ene,41.01,49.76,38.71,57.86,mm/mes
Precipitación,CHIRPS,SSP1-2.6 (bajas),Mediano 2041-2060,Feb,79.41,92.61,76.95,136.11,mm/mes
Precipitación,CHIRPS,SSP1-2.6 (bajas),Mediano 2041-2060,Mar,166.43,184.17,159.13,252.37,mm/mes
Precipitación,CHIRPS,SSP1-2.6 (bajas),Mediano 2041-2060,Abr,320.68,346.24,316.44,423.95,mm/mes
Precipitación,CHIRPS,SSP1-2.6 (bajas),Mediano 2041-2060,May,371.72,387.57,359.42,440.8,mm/mes
Precipitación,CHIRPS,SSP1-2.6 (bajas),Mediano 2041-2060,Jun,352.63,362.85,337.63,387.37,mm/mes
Precipitación,CHIRPS,SSP1-2.6 (bajas),Mediano 2041-2060,Jul,307.0,303.7,275.63,324.52,mm/mes
Precipitación,CHIRPS,SSP1-2.6 (bajas),Mediano 2041-2060,Ago,256.87,241.23,215.0,274.06,mm/mes
Precipitación,CHIRPS,SSP1-2.6 (bajas),Mediano 2041-2060,Sep,236.0,216.82,202.33,229.95,mm/mes
Precipitación,CHIRPS,SSP1-2.6 (bajas),Mediano 2041-2060,Oct,260.4,244.89,209.13,275.21,mm/mes
Precipitación,CHIRPS,SSP1-2.6 (bajas),Mediano 2041-2060,Nov,212.07,214.6,186.91,241.09,mm/mes
Precipitación,CHIRPS,SSP1-2.6 (bajas),Mediano 2041-2060,Dic,111.78,126.24,106.4,153.23,mm/mes
Precipitación,CHIRPS,SSP1-2.6 (bajas),Largo 2081-2100,Ene,41.01,49.35,30.97,60.37,mm/mes
Precipitación,CHIRPS,SSP1-2.6 (bajas),Largo 2081-2100,Feb,79.41,90.39,47.99,141.98,mm/mes
Precipitación,CHIRPS,SSP1-2.6 (bajas),Largo 2081-2100,Mar,166.43,180.29,126.41,250.91,mm/mes
Precipitación,CHIRPS,SSP1-2.6 (bajas),Largo 2081-2100,Abr,320.68,338.16,293.78,421.89,mm/mes
Precipitación,CHIRPS,SSP1-2.6 (bajas),Largo 2081-2100,May,371.72,395.85,362.42,439.85,mm/mes
Precipitación,CHIRPS,SSP1-2.6 (bajas),Largo 2081-2100,Jun,352.63,364.5,315.43,405.98,mm/mes
Precipitación,CHIRPS,SSP1-2.6 (bajas),Largo 2081-2100,Jul,307.0,307.91,259.96,360.15,mm/mes
Precipitación,CHIRPS,SSP1-2.6 (bajas),Largo 2081-2100,Ago,256.87,239.67,214.71,294.15,mm/mes
Precipitación,CHIRPS,SSP1-2.6 (bajas),Largo 2081-2100,Sep,236.0,221.42,199.65,259.72,mm/mes
Precipitación,CHIRPS,SSP1-2.6 (bajas),Largo 2081-2100,Oct,260.4,249.48,229.5,283.98,mm/mes
Precipitación,CHIRPS,SSP1-2.6 (bajas),Largo 2081-2100,Nov,212.07,214.35,196.66,228.41,mm/mes
Precipitación,CHIRPS,SSP1-2.6 (bajas),Largo 2081-2100,Dic,111.78,121.17,114.54,130.72,mm/mes
Precipitación,CHIRPS,SSP2-4.5 (medias),Corto 2021-2040,Ene,41.01,50.7,47.91,54.05,mm/mes
Precipitación,CHIRPS,SSP2-4.5 (medias),Corto 2021-2040,Feb,79.41,89.61,81.23,103.91,mm/mes
Precipitación,CHIRPS,SSP2-4.5 (medias),Corto 2021-2040,Mar,166.43,178.16,158.71,201.71,mm/mes
Precipitación,CHIRPS,SSP2-4.5 (medias),Corto 2021-2040,Abr,320.68,333.94,303.19,358.32,mm/mes
Precipitación,CHIRPS,SSP2-4.5 (medias),Corto 2021-2040,May,371.72,372.11,349.72,396.17,mm/mes
Precipitación,CHIRPS,SSP2-4.5 (medias),Corto 2021-2040,Jun,352.63,348.66,329.84,363.26,mm/mes
Precipitación,CHIRPS,SSP2-4.5 (medias),Corto 2021-2040,Jul,307.0,296.85,277.32,320.83,mm/mes
Precipitación,CHIRPS,SSP2-4.5 (medias),Corto 2021-2040,Ago,256.87,243.73,219.7,265.3,mm/mes
Precipitación,CHIRPS,SSP2-4.5 (medias),Corto 2021-2040,Sep,236.0,221.57,194.1,240.78,mm/mes
Precipitación,CHIRPS,SSP2-4.5 (medias),Corto 2021-2040,Oct,260.4,249.88,220.46,268.08,mm/mes
Precipitación,CHIRPS,SSP2-4.5 (medias),Corto 2021-2040,Nov,212.07,215.72,189.6,233.4,mm/mes
Precipitación,CHIRPS,SSP2-4.5 (medias),Corto 2021-2040,Dic,111.78,123.84,107.31,133.02,mm/mes
Precipitación,CHIRPS,SSP2-4.5 (medias),Mediano 2041-2060,Ene,41.01,47.93,43.97,55.71,mm/mes
Precipitación,CHIRPS,SSP2-4.5 (medias),Mediano 2041-2060,Feb,79.41,77.78,60.41,94.29,mm/mes
Precipitación,CHIRPS,SSP2-4.5 (medias),Mediano 2041-2060,Mar,166.43,160.47,134.38,179.05,mm/mes
Precipitación,CHIRPS,SSP2-4.5 (medias),Mediano 2041-2060,Abr,320.68,321.71,297.33,353.09,mm/mes
Precipitación,CHIRPS,SSP2-4.5 (medias),Mediano 2041-2060,May,371.72,385.43,355.94,406.35,mm/mes
Precipitación,CHIRPS,SSP2-4.5 (medias),Mediano 2041-2060,Jun,352.63,363.62,334.55,404.59,mm/mes
Precipitación,CHIRPS,SSP2-4.5 (medias),Mediano 2041-2060,Jul,307.0,310.89,289.5,346.45,mm/mes
Precipitación,CHIRPS,SSP2-4.5 (medias),Mediano 2041-2060,Ago,256.87,244.4,215.89,282.46,mm/mes
Precipitación,CHIRPS,SSP2-4.5 (medias),Mediano 2041-2060,Sep,236.0,221.34,194.88,242.7,mm/mes
Precipitación,CHIRPS,SSP2-4.5 (medias),Mediano 2041-2060,Oct,260.4,246.92,214.06,285.56,mm/mes
Precipitación,CHIRPS,SSP2-4.5 (medias),Mediano 2041-2060,Nov,212.07,214.0,190.94,244.42,mm/mes
Precipitación,CHIRPS,SSP2-4.5 (medias),Mediano 2041-2060,Dic,111.78,122.85,109.07,139.08,mm/mes
Precipitación,CHIRPS,SSP2-4.5 (medias),Largo 2081-2100,Ene,41.01,51.73,29.89,65.5,mm/mes
Precipitación,CHIRPS,SSP2-4.5 (medias),Largo 2081-2100,Feb,79.41,101.75,57.94,136.76,mm/mes
Precipitación,CHIRPS,SSP2-4.5 (medias),Largo 2081-2100,Mar,166.43,192.35,132.75,245.02,mm/mes
Precipitación,CHIRPS,SSP2-4.5 (medias),Largo 2081-2100,Abr,320.68,353.23,304.72,432.81,mm/mes
Precipitación,CHIRPS,SSP2-4.5 (medias),Largo 2081-2100,May,371.72,395.93,354.08,460.86,mm/mes
Precipitación,CHIRPS,SSP2-4.5 (medias),Largo 2081-2100,Jun,352.63,363.31,326.57,405.39,mm/mes
Precipitación,CHIRPS,SSP2-4.5 (medias),Largo 2081-2100,Jul,307.0,298.01,275.53,341.39,mm/mes
Precipitación,CHIRPS,SSP2-4.5 (medias),Largo 2081-2100,Ago,256.87,226.65,191.83,270.94,mm/mes
Precipitación,CHIRPS,SSP2-4.5 (medias),Largo 2081-2100,Sep,236.0,196.08,150.72,225.47,mm/mes
Precipitación,CHIRPS,SSP2-4.5 (medias),Largo 2081-2100,Oct,260.4,225.04,179.54,254.8,mm/mes
Precipitación,CHIRPS,SSP2-4.5 (medias),Largo 2081-2100,Nov,212.07,201.79,164.45,228.62,mm/mes
Precipitación,CHIRPS,SSP2-4.5 (medias),Largo 2081-2100,Dic,111.78,122.19,102.16,148.22,mm/mes
Precipitación,CHIRPS,SSP5-8.5 (altas),Corto 2021-2040,Ene,41.01,44.23,30.23,58.07,mm/mes
Precipitación,CHIRPS,SSP5-8.5 (altas),Corto 2021-2040,Feb,79.41,82.69,65.6,101.28,mm/mes
Precipitación,CHIRPS,SSP5-8.5 (altas),Corto 2021-2040,Mar,166.43,176.2,146.16,216.43,mm/mes
Precipitación,CHIRPS,SSP5-8.5 (altas),Corto 2021-2040,Abr,320.68,329.73,314.09,347.1,mm/mes
Precipitación,CHIRPS,SSP5-8.5 (altas),Corto 2021-2040,May,371.72,382.89,360.86,395.08,mm/mes
Precipitación,CHIRPS,SSP5-8.5 (altas),Corto 2021-2040,Jun,352.63,356.16,323.26,400.92,mm/mes
Precipitación,CHIRPS,SSP5-8.5 (altas),Corto 2021-2040,Jul,307.0,298.59,272.4,326.86,mm/mes
Precipitación,CHIRPS,SSP5-8.5 (altas),Corto 2021-2040,Ago,256.87,233.2,211.45,263.69,mm/mes
Precipitación,CHIRPS,SSP5-8.5 (altas),Corto 2021-2040,Sep,236.0,213.89,194.31,242.71,mm/mes
Precipitación,CHIRPS,SSP5-8.5 (altas),Corto 2021-2040,Oct,260.4,238.47,199.92,268.45,mm/mes
Precipitación,CHIRPS,SSP5-8.5 (altas),Corto 2021-2040,Nov,212.07,207.55,172.61,237.01,mm/mes
Precipitación,CHIRPS,SSP5-8.5 (altas),Corto 2021-2040,Dic,111.78,115.1,94.96,132.45,mm/mes
Precipitación,CHIRPS,SSP5-8.5 (altas),Mediano 2041-2060,Ene,41.01,44.85,32.34,66.93,mm/mes
Precipitación,CHIRPS,SSP5-8.5 (altas),Mediano 2041-2060,Feb,79.41,86.97,69.11,112.47,mm/mes
Precipitación,CHIRPS,SSP5-8.5 (altas),Mediano 2041-2060,Mar,166.43,171.15,141.36,201.49,mm/mes
Precipitación,CHIRPS,SSP5-8.5 (altas),Mediano 2041-2060,Abr,320.68,326.22,287.92,348.57,mm/mes
Precipitación,CHIRPS,SSP5-8.5 (altas),Mediano 2041-2060,May,371.72,374.68,342.64,396.35,mm/mes
Precipitación,CHIRPS,SSP5-8.5 (altas),Mediano 2041-2060,Jun,352.63,351.2,322.0,402.56,mm/mes
Precipitación,CHIRPS,SSP5-8.5 (altas),Mediano 2041-2060,Jul,307.0,296.34,271.86,339.76,mm/mes
Precipitación,CHIRPS,SSP5-8.5 (altas),Mediano 2041-2060,Ago,256.87,226.3,198.7,271.5,mm/mes
Precipitación,CHIRPS,SSP5-8.5 (altas),Mediano 2041-2060,Sep,236.0,199.91,156.27,223.14,mm/mes
Precipitación,CHIRPS,SSP5-8.5 (altas),Mediano 2041-2060,Oct,260.4,221.23,177.23,248.17,mm/mes
Precipitación,CHIRPS,SSP5-8.5 (altas),Mediano 2041-2060,Nov,212.07,195.35,164.71,219.57,mm/mes
Precipitación,CHIRPS,SSP5-8.5 (altas),Mediano 2041-2060,Dic,111.78,113.02,97.05,125.42,mm/mes
Precipitación,CHIRPS,SSP5-8.5 (altas),Largo 2081-2100,Ene,41.01,44.08,22.43,59.85,mm/mes
Precipitación,CHIRPS,SSP5-8.5 (altas),Largo 2081-2100,Feb,79.41,87.59,50.15,127.58,mm/mes
Precipitación,CHIRPS,SSP5-8.5 (altas),Largo 2081-2100,Mar,166.43,173.54,121.15,238.58,mm/mes
Precipitación,CHIRPS,SSP5-8.5 (altas),Largo 2081-2100,Abr,320.68,325.6,290.74,361.2,mm/mes
Precipitación,CHIRPS,SSP5-8.5 (altas),Largo 2081-2100,May,371.72,384.29,340.35,438.93,mm/mes
Precipitación,CHIRPS,SSP5-8.5 (altas),Largo 2081-2100,Jun,352.63,366.83,303.2,489.62,mm/mes
Precipitación,CHIRPS,SSP5-8.5 (altas),Largo 2081-2100,Jul,307.0,297.18,228.39,401.3,mm/mes
Precipitación,CHIRPS,SSP5-8.5 (altas),Largo 2081-2100,Ago,256.87,210.62,151.81,299.4,mm/mes
Precipitación,CHIRPS,SSP5-8.5 (altas),Largo 2081-2100,Sep,236.0,164.33,84.46,211.6,mm/mes
Precipitación,CHIRPS,SSP5-8.5 (altas),Largo 2081-2100,Oct,260.4,183.1,78.99,243.27,mm/mes
Precipitación,CHIRPS,SSP5-8.5 (altas),Largo 2081-2100,Nov,212.07,166.76,81.28,237.15,mm/mes
Precipitación,CHIRPS,SSP5-8.5 (altas),Largo 2081-2100,Dic,111.78,104.26,60.08,146.41,mm/mes
