variable,referencia,escenario,plazo,observado_1995_2014,ACCESS-CM2,GFDL-ESM4,MPI-ESM1-2-LR,MRI-ESM2-0,NorESM2-MM,media_ensamble,minimo,maximo,cambio_vs_obs,unidad_anual,unidad_cambio
Temperatura,ERA5,SSP1-2.6 (bajas),Corto 2021-2040,23.65,24.82,24.09,24.23,24.33,24.46,24.39,24.09,24.82,0.73,°C,°C
Temperatura,ERA5,SSP1-2.6 (bajas),Mediano 2041-2060,23.65,25.38,24.46,24.57,24.55,24.61,24.71,24.46,25.38,1.06,°C,°C
Temperatura,ERA5,SSP1-2.6 (bajas),Largo 2081-2100,23.65,25.52,24.33,24.25,24.71,24.79,24.72,24.25,25.52,1.07,°C,°C
Temperatura,ERA5,SSP2-4.5 (medias),Corto 2021-2040,23.65,24.73,24.21,24.26,24.44,24.34,24.4,24.21,24.73,0.74,°C,°C
Temperatura,ERA5,SSP2-4.5 (medias),Mediano 2041-2060,23.65,25.79,24.66,24.84,24.85,25.06,25.04,24.66,25.79,1.39,°C,°C
Temperatura,ERA5,SSP2-4.5 (medias),Largo 2081-2100,23.65,26.84,25.23,25.67,25.63,25.56,25.78,25.23,26.84,2.13,°C,°C
Temperatura,ERA5,SSP5-8.5 (altas),Corto 2021-2040,23.65,24.82,24.24,24.62,24.52,24.52,24.54,24.24,24.82,0.89,°C,°C
Temperatura,ERA5,SSP5-8.5 (altas),Mediano 2041-2060,23.65,26.19,25.11,25.68,25.38,25.35,25.54,25.11,26.19,1.89,°C,°C
Temperatura,ERA5,SSP5-8.5 (altas),Largo 2081-2100,23.65,29.79,27.82,28.35,27.5,27.67,28.23,27.5,29.79,4.57,°C,°C
Precipitación,ERA5,SSP1-2.6 (bajas),Corto 2021-2040,2628.32,2774.6,2647.12,2600.98,2720.0,2491.4,2646.82,2491.4,2774.6,0.7,mm/año,%
Precipitación,ERA5,SSP1-2.6 (bajas),Mediano 2041-2060,2628.32,2970.83,2512.64,2548.37,2772.72,2601.62,2681.24,2512.64,2970.83,2.0,mm/año,%
Precipitación,ERA5,SSP1-2.6 (bajas),Largo 2081-2100,2628.32,2978.85,2623.19,2595.74,2749.99,2467.29,2683.01,2467.29,2978.85,2.1,mm/año,%
Precipitación,ERA5,SSP2-4.5 (medias),Corto 2021-2040,2628.32,2823.85,2520.33,2595.12,2628.72,2615.96,2636.8,2520.33,2823.85,0.3,mm/año,%
Precipitación,ERA5,SSP2-4.5 (medias),Mediano 2041-2060,2628.32,2769.24,2575.18,2618.33,2725.93,2459.33,2629.6,2459.33,2769.24,0.0,mm/año,%
Precipitación,ERA5,SSP2-4.5 (medias),Largo 2081-2100,2628.32,2998.43,2539.74,2499.98,2646.25,2515.6,2640.0,2499.98,2998.43,0.4,mm/año,%
Precipitación,ERA5,SSP5-8.5 (altas),Corto 2021-2040,2628.32,2795.56,2484.67,2505.89,2631.56,2543.44,2592.22,2484.67,2795.56,-1.4,mm/año,%
Precipitación,ERA5,SSP5-8.5 (altas),Mediano 2041-2060,2628.32,2578.56,2432.86,2389.35,2649.79,2564.76,2523.06,2389.35,2649.79,-4.0,mm/año,%
Precipitación,ERA5,SSP5-8.5 (altas),Largo 2081-2100,2628.32,2481.84,2147.85,2262.78,2726.34,2517.21,2427.2,2147.85,2726.34,-7.7,mm/año,%
Precipitación,CHIRPS,SSP1-2.6 (bajas),Corto 2021-2040,2716.0,2867.16,2735.44,2687.75,2810.74,2574.51,2735.12,2574.51,2867.16,0.7,mm/año,%
Precipitación,CHIRPS,SSP1-2.6 (bajas),Mediano 2041-2060,2716.0,3069.94,2596.46,2633.39,2865.22,2688.41,2770.69,2596.46,3069.94,2.0,mm/año,%
Precipitación,CHIRPS,SSP1-2.6 (bajas),Largo 2081-2100,2716.0,3078.23,2710.7,2682.34,2841.73,2549.61,2772.52,2549.61,3078.23,2.1,mm/año,%
Precipitación,CHIRPS,SSP2-4.5 (medias),Corto 2021-2040,2716.0,2918.05,2604.41,2681.7,2716.42,2703.24,2724.76,2604.41,2918.05,0.3,mm/año,%
Precipitación,CHIRPS,SSP2-4.5 (medias),Mediano 2041-2060,2716.0,2861.63,2661.09,2705.68,2816.88,2541.38,2717.33,2541.38,2861.63,0.0,mm/año,%
Precipitación,CHIRPS,SSP2-4.5 (medias),Largo 2081-2100,2716.0,3098.46,2624.47,2583.38,2734.54,2599.52,2728.07,2583.38,3098.46,0.4,mm/año,%
Precipitación,CHIRPS,SSP5-8.5 (altas),Corto 2021-2040,2716.0,2888.82,2567.56,2589.5,2719.35,2628.29,2678.7,2567.56,2888.82,-1.4,mm/año,%
Precipitación,CHIRPS,SSP5-8.5 (altas),Mediano 2041-2060,2716.0,2664.58,2514.03,2469.07,2738.19,2650.33,2607.24,2469.07,2738.19,-4.0,mm/año,%
Precipitación,CHIRPS,SSP5-8.5 (altas),Largo 2081-2100,2716.0,2564.63,2219.5,2338.27,2817.3,2601.19,2508.18,2219.5,2817.3,-7.7,mm/año,%
