zona,escenario,plazo,observado_ERA5_1995_2014,media_ensamble,minimo,maximo,cambio
recuadro,SSP1-2.6 (bajas),Corto 2021-2040,23.65,24.39,24.06,24.82,0.74
cordillera,SSP1-2.6 (bajas),Corto 2021-2040,12.35,13.09,12.75,13.52,0.74
llanos,SSP1-2.6 (bajas),Corto 2021-2040,25.41,26.14,25.81,26.57,0.73
recuadro,SSP1-2.6 (bajas),Mediano 2041-2060,23.65,24.71,24.35,25.38,1.06
cordillera,SSP1-2.6 (bajas),Mediano 2041-2060,12.35,13.41,13.05,14.08,1.06
llanos,SSP1-2.6 (bajas),Mediano 2041-2060,25.41,26.47,26.1,27.14,1.06
recuadro,SSP1-2.6 (bajas),Largo 2081-2100,23.65,24.72,24.17,25.53,1.07
cordillera,SSP1-2.6 (bajas),Largo 2081-2100,12.35,13.42,12.87,14.23,1.07
llanos,SSP1-2.6 (bajas),Largo 2081-2100,25.41,26.47,25.93,27.28,1.06
recuadro,SSP2-4.5 (medias),Corto 2021-2040,23.65,24.4,24.12,24.74,0.75
cordillera,SSP2-4.5 (medias),Corto 2021-2040,12.35,13.1,12.82,13.43,0.75
llanos,SSP2-4.5 (medias),Corto 2021-2040,25.41,26.15,25.88,26.49,0.74
recuadro,SSP2-4.5 (medias),Mediano 2041-2060,23.65,25.04,24.56,25.79,1.39
cordillera,SSP2-4.5 (medias),Mediano 2041-2060,12.35,13.74,13.26,14.48,1.39
llanos,SSP2-4.5 (medias),Mediano 2041-2060,25.41,26.79,26.31,27.54,1.38
recuadro,SSP2-4.5 (medias),Largo 2081-2100,23.65,25.78,25.18,26.84,2.13
cordillera,SSP2-4.5 (medias),Largo 2081-2100,12.35,14.48,13.88,15.54,2.13
llanos,SSP2-4.5 (medias),Largo 2081-2100,25.41,27.54,26.93,28.59,2.13
recuadro,SSP5-8.5 (altas),Corto 2021-2040,23.65,24.54,24.2,24.86,0.89
cordillera,SSP5-8.5 (altas),Corto 2021-2040,12.35,13.24,12.9,13.56,0.89
llanos,SSP5-8.5 (altas),Corto 2021-2040,25.41,26.3,25.96,26.61,0.89
recuadro,SSP5-8.5 (altas),Mediano 2041-2060,23.65,25.55,25.04,26.24,1.9
cordillera,SSP5-8.5 (altas),Mediano 2041-2060,12.35,14.24,13.74,14.94,1.89
llanos,SSP5-8.5 (altas),Mediano 2041-2060,25.41,27.3,26.8,27.99,1.89
recuadro,SSP5-8.5 (altas),Largo 2081-2100,23.65,28.23,27.15,29.88,4.58
cordillera,SSP5-8.5 (altas),Largo 2081-2100,12.35,16.93,15.85,18.58,4.58
llanos,SSP5-8.5 (altas),Largo 2081-2100,25.41,29.98,28.9,31.64,4.57
