periodo,anio,mes,recuadro,cordillera,llanos
2000-01,2000,1,23.65,11.86,25.48
2000-02,2000,2,24.83,12.1,26.81
2000-03,2000,3,24.63,12.54,26.51
2000-04,2000,4,23.38,12.49,25.07
2000-05,2000,5,23.17,12.51,24.83
2000-06,2000,6,22.7,12.09,24.35
2000-07,2000,7,22.12,11.62,23.75
2000-08,2000,8,22.84,11.97,24.52
2000-09,2000,9,23.59,12.5,25.31
2000-10,2000,10,23.48,12.56,25.17
2000-11,2000,11,23.9,12.89,25.61
2000-12,2000,12,23.82,12.38,25.59
2011-01,2011,1,25.29,12.58,27.26
2011-02,2011,2,25.53,12.73,27.51
2011-03,2011,3,24.09,12.58,25.87
2011-04,2011,4,23.54,12.82,25.2
2011-05,2011,5,23.45,12.94,25.08
2011-06,2011,6,23.28,12.63,24.93
2011-07,2011,7,22.84,12.11,24.51
2011-08,2011,8,23.98,12.56,25.76
2011-09,2011,9,24.17,12.74,25.94
2011-10,2011,10,24.22,13.03,25.95
2011-11,2011,11,24.07,13.09,25.78
2011-12,2011,12,24.13,12.69,25.9
2013-01,2013,1,26.28,13.1,28.33
2013-02,2013,2,25.27,12.94,27.18
2013-03,2013,3,24.87,13.63,26.61
2013-04,2013,4,24.25,13.47,25.92
2013-05,2013,5,23.51,12.96,25.15
2013-06,2013,6,23.19,12.51,24.85
2013-07,2013,7,22.65,11.81,24.33
2013-08,2013,8,23.08,12.21,24.77
2013-09,2013,9,23.86,12.93,25.56
2013-10,2013,10,24.32,13.07,26.06
2013-11,2013,11,24.28,12.98,26.03
2013-12,2013,12,24.51,12.65,26.35
2014-01,2014,1,25.26,12.7,27.21
2014-02,2014,2,25.11,12.97,27.0
2014-03,2014,3,24.44,13.12,26.2
2014-04,2014,4,24.17,13.2,25.87
2014-05,2014,5,23.97,13.14,25.65
2014-06,2014,6,22.87,12.45,24.48
2014-07,2014,7,22.64,12.03,24.29
2014-08,2014,8,23.18,12.1,24.9
2014-09,2014,9,24.0,12.89,25.73
2014-10,2014,10,23.77,12.89,25.46
2014-11,2014,11,24.71,13.25,26.49
2014-12,2014,12,25.27,12.94,27.18
2015-01,2015,1,24.58,12.5,26.45
2015-02,2015,2,24.85,13.05,26.69
2015-03,2015,3,25.22,13.11,27.09
2015-04,2015,4,24.12,13.04,25.84
2015-05,2015,5,23.77,12.97,25.45
2015-06,2015,6,22.6,12.22,24.21
2015-07,2015,7,22.96,12.25,24.63
2015-08,2015,8,23.43,12.69,25.09
2015-09,2015,9,25.04,13.57,26.83
2015-10,2015,10,24.61,13.63,26.31
2015-11,2015,11,24.52,13.38,26.25
2015-12,2015,12,24.7,13.26,26.48
2016-01,2016,1,27.31,14.25,29.34
2016-02,2016,2,26.88,14.14,28.86
2016-03,2016,3,26.61,14.56,28.48
2016-04,2016,4,24.56,14.01,26.2
2016-05,2016,5,24.23,13.54,25.89
2016-06,2016,6,22.87,12.23,24.52
2016-07,2016,7,22.65,12.09,24.29
2016-08,2016,8,23.61,12.72,25.29
2016-09,2016,9,24.2,13.07,25.92
2016-10,2016,10,24.56,13.54,26.27
2016-11,2016,11,24.71,13.69,26.42
2016-12,2016,12,24.17,12.93,25.91
2018-01,2018,1,24.51,12.49,26.38
2018-02,2018,2,26.25,12.83,28.34
2018-03,2018,3,25.22,13.27,27.08
2018-04,2018,4,23.54,12.71,25.22
2018-05,2018,5,23.36,12.66,25.02
2018-06,2018,6,22.46,12.15,24.06
2018-07,2018,7,22.43,11.96,24.06
2018-08,2018,8,23.22,12.27,24.92
2018-09,2018,9,24.21,13.0,25.95
2018-10,2018,10,24.67,13.52,26.4
2018-11,2018,11,24.85,13.55,26.61
2018-12,2018,12,24.94,12.49,26.87
