Año/Mes;Precipitación total mm
1995-01;73,2
1995-02;41,4
1995-03;251,7
1995-04;285
1995-05;317
1995-06;361,1
1995-07;321,1
1995-08;226,3
1995-09;225,2
1995-10;216,6
1995-11;161,1
1995-12;126,9
1996-01;39
1996-02;211,8
1996-03;179,3
1996-04;284,1
1996-05;388,7
1996-06;374,8
1996-07;304,2
1996-08;240,2
1996-09;231,6
1996-10;245,6
1996-11;224,4
1996-12;154,8
1997-01;57,9
1997-02;195,2
1997-03;112,6
1997-04;331,1
1997-05;406,3
1997-06;268
1997-07;259,3
1997-08;200,5
1997-09;224,8
1997-10;194,7
1997-11;186,5
1997-12;68,8
1998-01;66,5
1998-02;154
1998-03;233,3
1998-04;435,5
1998-05;373,6
1998-06;338,7
1998-07;343,5
1998-08;240,6
1998-09;200,8
1998-10;231,7
1998-11;187,9
1998-12;164,4
1999-01;145
1999-02;209,9
1999-03;179,6
1999-04;374,8
1999-05;319,1
1999-06;307,4
1999-07;280,5
1999-08;203,5
1999-09;230,5
1999-10;217,9
1999-11;173,5
1999-12;129,4
2000-01;60,1
2000-02;94,3
2000-03;155,8
2000-04;347,5
2000-05;433,2
2000-06;391,2
2000-07;343,5
2000-08;287,2
2000-09;244,8
2000-10;264,2
2000-11;185,1
2000-12;162,7
2001-01;55,5
2001-02;47,4
2001-03;217,3
2001-04;253,7
2001-05;332
2001-06;304,1
2001-07;304,2
2001-08;184,5
2001-09;249,5
2001-10;222,5
2001-11;195,8
2001-12;233,2
2002-01;41,7
2002-02;48,2
2002-03;226,1
2002-04;356,8
2002-05;396,5
2002-06;289
2002-07;334,9
2002-08;248,8
2002-09;194,1
2002-10;230,2
2002-11;236,4
2002-12;78
2003-01;22,9
2003-02;74,6
2003-03;198,8
2003-04;315,7
2003-05;363,4
2003-06;376,3
2003-07;267,1
2003-08;245,9
2003-09;211,2
2003-10;236,6
2003-11;209,2
2003-12;161,5
2004-01;43,3
2004-02;97,3
2004-03;189,4
2004-04;262,4
2004-05;425,5
2004-06;295,4
2004-07;294,5
2004-08;216,9
2004-09;186,4
2004-10;206,3
2004-11;223,2
2004-12;131,2
2005-01;90,6
2005-02;116,1
2005-03;160,6
2005-04;326,7
2005-05;318
2005-06;259,3
2005-07;226,1
2005-08;202,3
2005-09;164,8
2005-10;213,2
2005-11;221,7
2005-12;99,8
2006-01;168,7
2006-02;60,5
2006-03;219,6
2006-04;281,6
2006-05;218,4
2006-06;254,2
2006-07;257,1
2006-08;195,9
2006-09;193
2006-10;230,3
2006-11;225,8
2006-12;120,2
2007-01;40
2007-02;16
2007-03;241,6
2007-04;331,1
2007-05;298,3
2007-06;377,7
2007-07;212,7
2007-08;199,5
2007-09;212,8
2007-10;238,6
2007-11;183,9
2007-12;113,7
2008-01;49,1
2008-02;88,9
2008-03;131,2
2008-04;266,8
2008-05;384,2
2008-06;368,6
2008-07;291,5
2008-08;219,7
2008-09;189,4
2008-10;225,3
2008-11;255,6
2008-12;91,2
2009-01;133,1
2009-02;92,5
2009-03;219,5
2009-04;298,8
2009-05;260,4
2009-06;320,3
2009-07;268,7
2009-08;261,5
2009-09;161,6
2009-10;189,7
2009-11;150,1
2009-12;74,2
2010-01;26,7
2010-02;95,7
2010-03;209,2
2010-04;418,8
2010-05;328,4
2010-06;295
2010-07;295,3
2010-08;159,4
2010-09;190,9
2010-10;217,7
2010-11;260,6
2010-12;174,4
2011-01;72,2
2011-02;113,9
2011-03;193,7
2011-04;352
2011-05;383,3
2011-06;309,2
2011-07;247,7
2011-08;179,9
2011-09;180
2011-10;240,2
2011-11;248,4
2011-12;172,6
2012-01;58,4
2012-02;101,8
2012-03;279,8
2012-04;353,4
2012-05;319,9
2012-06;259,2
2012-07;266,2
2012-08;182,9
2012-09;151,4
2012-10;223,1
2012-11;140,7
2012-12;127,1
2013-01;24,8
2013-02;136,3
2013-03;254,3
2013-04;275,3
2013-05;434,4
2013-06;259,3
2013-07;270,7
2013-08;256,4
2013-09;209,6
2013-10;206,6
2013-11;201,3
2013-12;96,5
2014-01;49,8
2014-02;96,2
2014-03;182,5
2014-04;340
2014-05;334,2
2014-06;361,5
2014-07;321,8
2014-08;209,5
2014-09;191,7
2014-10;232
2014-11;174,6
2014-12;98,2
2015-01;111,5
2015-02;126,8
2015-03;182,9
2015-04;288,6
2015-05;332,3
2015-06;323,2
2015-07;331,3
2015-08;197,5
2015-09;125,4
2015-10;184,2
2015-11;212,9
2015-12;90,6
2016-01;20,3
2016-02;103,4
2016-03;192,8
2016-04;351,3
2016-05;404,4
2016-06;312
2016-07;297,4
2016-08;178,1
2016-09;215,7
2016-10;228,9
2016-11;247,2
2016-12;218,1
2017-01;118,8
2017-02;116,7
2017-03;238,9
2017-04;269
2017-05;285,5
2017-06;297
2017-07;285,7
2017-08;134,6
2017-09;143,3
2017-10;206,4
2017-11;205,5
2017-12;81,8
2018-01;146,3
2018-02;42,9
2018-03;179,1
2018-04;377,4
2018-05;433,1
2018-06;288,5
2018-07;301
2018-08;120,3
2018-09;149,7
2018-10;325,3
2018-11;205,8
2018-12;39,8
2019-01;57,5
2019-02;91,1
2019-03;231,4
2019-04;308,9
2019-05;391,7
2019-06;357,4
2019-07;207,3
2019-08;107,9
2019-09;96
2019-10;210,7
2019-11;216,1
2019-12;124,6
2020-01;38,9
2020-02;65,7
2020-03;146,7
2020-04;190,3
2020-05;321
2020-06;343,5
2020-07;311,7
2020-08;191
2020-09;162
2020-10;158,8
2020-11;265,5
2020-12;129,4
2021-01;76,5
2021-02;61,7
2021-03;193,9
2021-04;303,3
2021-05;418
2021-06;342,7
2021-07;289,9
2021-08;218,6
2021-09;231,4
2021-10;234,3
2021-11;113,6
2021-12;46,3
2022-01;27,1
2022-02;101,1
2022-03;199,9
2022-04;291,4
2022-05;395,4
2022-06;319,4
2022-07;301,5
2022-08;168,3
2022-09;171
2022-10;247,8
2022-11;220,1
2022-12;36,9
2023-01;86,1
2023-02;35,1
2023-03;168,4
2023-04;264,6
2023-05;262,2
2023-06;260,5
2023-07;286,3
2023-08;131,3
2023-09;124,5
2023-10;148,7
2023-11;137,5
2023-12;132,6
2024-01;14,4
2024-02;100,2
2024-03;140,4
2024-04;255,7
2024-05;377,4
2024-06;278,8
2024-07;197,1
2024-08;118,3
2024-09;79,1
2024-10;147,7
2024-11;212,3
2024-12;93,9
2025-01;98,2
2025-02;144
2025-03;210,6
2025-04;325,5
2025-05;393,3
2025-06;394
2025-07;296,2
2025-08;244
2025-09;199,2
2025-10;188
2025-11;213,7
2025-12;82,7
