Mes;Temperatura media °C;Temperatura media máxima °C;Temperatura minima media °C
1995-01;24.29;29.28;20.03
1995-02;25.82;31.31;20.94
1995-03;24.24;28.56;20.96
1995-04;23.88;27.58;21.07
1995-05;23.34;27.12;20.68
1995-06;22.61;25.8;20.3
1995-07;22.43;25.92;19.76
1995-08;23.24;27.29;20.24
1995-09;23.44;27.61;20.34
1995-10;23.41;27.47;20.43
1995-11;23.52;27.61;20.4
1995-12;24.03;28.43;20.58
1996-01;24.69;29.94;20.18
1996-02;23.54;27.55;20.45
1996-03;24.29;28.38;21.01
1996-04;23.5;27.21;20.66
1996-05;22.69;25.95;20.34
1996-06;22.13;24.9;20.0
1996-07;21.97;25.35;19.41
1996-08;22.61;26.34;19.59
1996-09;23.02;26.94;20.07
1996-10;23.25;27.25;20.33
1996-11;23.23;27.2;20.28
1996-12;23.0;27.09;19.79
1997-01;24.77;29.68;20.65
1997-02;23.49;27.32;20.53
1997-03;24.45;29.23;20.73
1997-04;23.45;27.08;20.7
1997-05;22.65;26.15;20.22
1997-06;22.94;26.62;20.13
1997-07;22.37;25.62;19.93
1997-08;22.69;26.48;19.76
1997-09;23.73;28.06;20.46
1997-10;24.14;28.44;20.94
1997-11;23.79;27.71;20.78
1997-12;24.54;29.36;20.66
1998-01;25.57;30.42;21.65
1998-02;25.35;29.7;21.81
1998-03;24.81;28.79;21.71
1998-04;24.24;27.74;21.79
1998-05;23.56;26.71;21.24
1998-06;22.53;25.49;20.22
1998-07;22.49;25.77;19.98
1998-08;23.2;26.95;20.38
1998-09;23.5;27.57;20.4
1998-10;23.64;27.6;20.67
1998-11;23.65;27.56;20.74
1998-12;23.69;27.81;20.5
1999-01;23.71;27.77;20.45
1999-02;23.46;27.12;20.54
1999-03;23.94;28.15;20.41
1999-04;22.71;25.97;20.23
1999-05;22.68;26.29;20.01
1999-06;22.47;25.92;19.9
1999-07;22.08;25.52;19.35
1999-08;22.5;26.23;19.67
1999-09;23.05;27.02;20.11
1999-10;23.16;27.13;20.08
1999-11;23.63;27.64;20.42
1999-12;23.71;27.89;20.41
2000-01;24.94;29.59;20.89
2000-02;24.82;29.49;20.73
2000-03;24.63;28.89;20.89
2000-04;23.03;26.56;20.32
2000-05;22.71;26.01;20.34
2000-06;22.33;25.56;19.91
2000-07;21.97;25.46;19.3
2000-08;22.52;26.33;19.57
2000-09;22.91;26.87;19.95
2000-10;23.08;27.0;20.08
2000-11;23.59;27.64;20.39
2000-12;23.09;27.33;19.81
2001-01;23.6;28.69;19.21
2001-02;24.77;29.49;20.58
2001-03;24.24;28.65;20.61
2001-04;23.58;27.38;20.43
2001-05;23.23;26.88;20.5
2001-06;21.92;25.17;19.42
2001-07;22.15;25.58;19.45
2001-08;22.66;26.35;19.92
2001-09;22.92;27.01;19.83
2001-10;23.76;27.92;20.52
2001-11;23.69;28.14;20.48
2001-12;23.68;27.49;20.73
2002-01;24.32;28.97;20.33
2002-02;25.6;30.32;21.39
2002-03;24.31;28.58;20.81
2002-04;23.4;27.11;20.52
2002-05;23.21;26.5;20.61
2002-06;22.37;25.59;19.87
2002-07;22.43;25.61;19.86
2002-08;22.71;26.35;19.89
2002-09;23.3;27.55;20.08
2002-10;23.37;27.37;20.4
2002-11;23.26;27.24;20.28
2002-12;23.98;28.33;20.48
2003-01;25.52;30.75;20.76
2003-02;25.39;29.8;21.34
2003-03;24.43;28.42;21.18
2003-04;23.69;27.52;20.88
2003-05;23.03;26.29;20.48
2003-06;22.49;25.82;19.92
2003-07;22.16;25.45;19.67
2003-08;22.65;26.32;19.86
2003-09;22.94;26.78;20.02
2003-10;23.6;27.56;20.64
2003-11;23.48;27.47;20.53
2003-12;23.52;27.66;20.39
2004-01;25.01;29.83;20.82
2004-02;25.48;30.25;21.22
2004-03;24.2;28.27;20.79
2004-04;23.89;27.68;20.92
2004-05;22.92;26.04;20.5
2004-06;22.18;25.06;19.68
2004-07;22.21;25.45;19.44
2004-08;22.47;25.91;19.54
2004-09;23.17;27.38;19.66
2004-10;23.63;27.77;20.54
2004-11;23.67;27.52;20.71
2004-12;23.77;27.99;20.31
2005-01;24.63;29.26;20.6
2005-02;25.02;29.55;20.95
2005-03;25.0;29.74;21.05
2005-04;23.75;27.44;20.97
2005-05;23.6;27.41;20.75
2005-06;23.0;26.47;20.22
2005-07;22.59;26.14;19.8
2005-08;22.92;26.77;19.81
2005-09;23.26;27.34;19.97
2005-10;23.81;28.05;20.52
2005-11;23.69;27.69;20.5
2005-12;23.91;28.49;20.28
2006-01;23.72;27.96;20.21
2006-02;24.75;29.64;20.38
2006-03;24.0;28.03;20.64
2006-04;23.81;27.65;20.83
2006-05;22.99;26.53;20.16
2006-06;22.78;26.21;20.13
2006-07;22.57;25.83;19.85
2006-08;23.19;26.89;20.07
2006-09;23.47;27.64;20.03
2006-10;24.12;28.22;20.86
2006-11;23.76;27.7;20.67
2006-12;24.13;28.23;20.59
2007-01;25.63;30.55;21.15
2007-02;27.24;33.45;21.44
2007-03;24.64;28.75;21.11
2007-04;23.76;27.45;20.84
2007-05;23.08;26.56;20.44
2007-06;22.08;25.1;19.7
2007-07;22.61;26.22;19.62
2007-08;23.0;26.74;19.95
2007-09;23.26;27.17;19.97
2007-10;23.56;27.6;20.43
2007-11;23.68;27.75;20.37
2007-12;24.02;28.28;20.54
2008-01;24.89;29.76;20.58
2008-02;25.26;30.08;21.1
2008-03;25.15;29.9;21.04
2008-04;24.2;28.26;20.85
2008-05;23.01;26.34;20.31
2008-06;22.61;25.93;19.97
2008-07;22.52;25.9;19.73
2008-08;23.35;27.27;20.14
2008-09;23.67;27.58;20.38
2008-10;23.82;28.07;20.38
2008-11;23.77;27.5;20.8
2008-12;24.0;28.39;20.32
2009-01;24.18;28.44;20.58
2009-02;24.54;29.18;20.72
2009-03;24.04;28.08;20.76
2009-04;23.73;27.47;20.7
2009-05;23.5;27.39;20.39
2009-06;22.73;26.1;20.04
2009-07;22.61;25.98;19.9
2009-08;23.22;26.98;20.26
2009-09;23.78;27.83;20.47
2009-10;24.03;28.36;20.6
2009-11;24.67;29.08;21.23
2009-12;24.8;29.6;20.64
2010-01;25.7;31.61;20.55
2010-02;26.29;31.41;21.96
2010-03;25.07;29.51;21.43
2010-04;24.23;27.81;21.43
2010-05;24.11;27.59;21.39
2010-06;23.33;26.83;20.58
2010-07;22.83;26.29;20.22
2010-08;23.25;27.04;20.27
2010-09;23.91;28.04;20.77
2010-10;24.16;28.25;20.95
2010-11;23.88;27.71;21.03
2010-12;23.79;27.84;20.64
2011-01;24.36;29.31;20.07
2011-02;25.52;30.0;21.55
2011-03;24.41;28.41;21.09
2011-04;23.73;27.5;20.9
2011-05;23.31;26.53;20.94
2011-06;23.23;26.55;20.68
2011-07;22.78;26.23;20.23
2011-08;23.44;27.45;20.31
2011-09;23.68;27.75;20.4
2011-10;23.95;27.87;20.99
2011-11;23.85;27.68;21.02
2011-12;24.02;27.79;21.07
2012-01;24.93;29.5;21.16
2012-02;24.72;29.4;20.72
2012-03;23.62;27.26;20.75
2012-04;23.4;27.03;20.67
2012-05;23.18;26.68;20.42
2012-06;22.79;26.17;19.74
2012-07;22.16;25.37;19.37
2012-08;22.66;25.99;19.8
2012-09;23.06;26.98;19.59
2012-10;23.91;28.1;20.59
2012-11;24.33;28.6;20.71
2012-12;24.54;28.79;20.64
2013-01;25.21;30.15;20.49
2013-02;25.3;29.53;21.61
2013-03;24.05;27.84;20.82
2013-04;24.1;28.11;20.92
2013-05;23.41;26.75;20.84
2013-06;23.03;26.41;19.88
2013-07;22.21;25.57;19.22
2013-08;22.67;26.07;19.78
2013-09;23.41;27.37;20.1
2013-10;23.75;27.79;20.07
2013-11;23.9;27.91;20.53
2013-12;24.29;28.54;20.62
2014-01;25.49;30.42;20.96
2014-02;26.03;30.85;21.54
2014-03;24.79;29.3;20.88
2014-04;23.79;27.51;20.76
2014-05;23.87;27.49;20.88
2014-06;22.71;25.87;20.09
2014-07;22.57;25.94;19.65
2014-08;22.83;26.52;19.63
2014-09;23.51;27.31;20.05
2014-10;23.75;27.62;20.55
2014-11;24.21;28.04;20.85
2014-12;24.41;28.6;20.55
2015-01;24.06;28.41;20.14
2015-02;24.68;29.27;20.54
2015-03;24.84;29.03;21.19
2015-04;24.01;27.68;20.88
2015-05;23.72;27.24;20.79
2015-06;22.64;25.55;20.08
2015-07;22.89;26.26;19.89
2015-08;23.46;26.93;20.31
2015-09;24.3;28.56;20.36
2015-10;24.36;28.55;20.87
2015-11;24.22;27.89;21.09
2015-12;24.22;28.46;20.3
2016-01;26.4;31.68;21.16
2016-02;26.11;30.56;22.16
2016-03;25.7;29.77;22.0
2016-04;24.33;27.58;21.68
2016-05;23.65;27.07;20.99
2016-06;22.87;26.01;20.17
2016-07;22.41;25.54;19.73
2016-08;23.22;26.74;20.1
2016-09;23.44;27.4;20.14
2016-10;24.2;28.27;20.93
2016-11;24.29;28.04;21.18
2016-12;23.93;27.82;20.7
2017-01;23.96;28.16;20.36
2017-02;25.46;30.46;21.03
2017-03;24.17;28.06;21.16
2017-04;24.36;28.25;21.07
2017-05;23.95;27.46;21.15
2017-06;23.33;26.69;20.71
2017-07;22.65;25.72;20.01
2017-08;23.9;27.96;20.41
2017-09;24.18;28.16;20.82
2017-10;23.98;27.83;20.84
2017-11;24.17;28.14;20.95
2017-12;24.79;29.26;20.92
2018-01;24.0;28.47;20.15
2018-02;26.06;30.8;21.88
2018-03;25.29;29.47;21.64
2018-04;23.48;27.05;20.83
2018-05;23.16;26.59;20.68
2018-06;22.52;25.69;20.01
2018-07;22.71;26.04;19.99
2018-08;23.01;26.81;19.73
2018-09;23.73;27.74;20.47
2018-10;24.1;27.85;20.99
2018-11;24.35;28.09;21.39
2018-12;24.24;28.96;20.04
2019-01;25.39;29.94;21.47
2019-02;25.82;30.53;21.92
2019-03;24.93;28.72;21.99
2019-04;24.44;28.26;21.46
2019-05;23.86;27.3;21.03
2019-06;23.07;26.19;20.52
2019-07;22.84;26.53;19.91
2019-08;23.14;26.74;20.0
2019-09;24.62;28.95;21.01
2019-10;23.55;27.34;20.47
2019-11;24.11;28.05;21.1
2019-12;24.41;28.28;21.21
2020-01;25.4;30.26;21.1
2020-02;26.44;31.57;21.89
2020-03;26.09;30.65;22.16
2020-04;24.7;28.67;21.25
2020-05;23.82;27.0;21.21
2020-06;23.4;26.87;20.59
2020-07;23.09;26.68;20.24
2020-08;23.56;27.18;20.59
2020-09;23.87;27.92;20.41
2020-10;24.67;29.36;20.91
2020-11;24.07;28.14;21.04
2020-12;24.24;28.75;20.62
2021-01;24.68;29.73;20.48
2021-02;26.41;31.14;22.24
2021-03;24.48;28.42;21.26
2021-04;23.93;27.66;20.92
2021-05;23.48;26.86;20.76
2021-06;23.31;26.94;20.47
2021-07;22.78;26.29;19.98
2021-08;23.53;27.42;20.42
2021-09;23.84;28.08;20.41
2021-10;24.28;28.45;21.08
2021-11;24.57;28.92;21.03
2021-12;25.26;29.47;21.6
2022-01;25.18;30.04;20.72
2022-02;25.2;29.28;21.55
2022-03;24.32;28.01;21.2
2022-04;23.82;27.37;21.04
2022-05;23.32;26.71;20.63
2022-06;22.61;25.89;20.01
2022-07;22.92;26.37;20.36
2022-08;23.17;27.13;20.02
2022-09;23.51;27.54;20.07
2022-10;23.85;27.62;20.8
2022-11;23.6;27.28;20.43
2022-12;24.13;29.1;19.82
2023-01;24.12;28.64;20.25
2023-02;25.33;30.15;20.99
2023-03;24.85;29.04;21.28
2023-04;24.42;28.21;21.28
2023-05;24.37;28.18;21.08
2023-06;23.56;26.96;20.5
2023-07;23.4;26.84;20.71
2023-08;24.7;29.02;21.21
2023-09;25.11;29.6;21.04
2023-10;25.28;29.63;21.89
2023-11;25.05;29.15;21.92
2023-12;25.05;29.27;21.74
2024-01;26.12;31.48;21.77
2024-02;25.83;30.38;22.24
2024-03;25.84;30.2;22.41
2024-04;25.31;29.67;22.16
2024-05;24.7;28.11;21.99
2024-06;24.04;27.49;21.28
2024-07;23.51;26.74;21.03
2024-08;24.28;28.36;21.27
2024-09;25.17;29.71;21.94
2024-10;25.05;29.54;21.74
2024-11;24.68;28.23;21.83
2024-12;24.86;28.59;21.69
2025-01;24.51;28.57;20.82
2025-02;24.97;28.7;21.68
2025-03;24.58;27.94;21.76
2025-04;24.37;27.65;21.75
2025-05;23.76;26.69;21.45
2025-06;23.19;25.93;20.98
2025-07;22.86;25.75;20.45
2025-08;23.47;26.96;20.77
2025-09;23.99;27.74;21.28
2025-10;24.17;27.57;21.42
2025-11;24.45;27.62;21.77
2025-12;24.97;28.54;21.8
